id,firstName,lastName,email,gender,contactNo,country,dob
1,John,Williams,john.williams@example.com,Female,+1-836-642-4779,Canada,1984-10-19
2,Chris,Jones,chris.jones@example.com,Female,+1-818-544-9841,USA,1995-05-05
3,Jane,Jones,jane.jones@example.com,Male,+1-476-721-1721,UK,1956-11-04
4,John,Smith,john.smith@example.com,Female,+1-320-797-9654,USA,1997-11-06
5,Katie,Williams,katie.williams@example.com,Male,+1-902-668-7145,USA,1992-11-28
6,Jane,Brown,jane.brown@example.com,Male,+1-145-572-8321,UK,1951-06-09
7,Katie,Smith,katie.smith@example.com,Female,+1-151-218-2996,India,1997-02-15
8,Katie,Williams,katie.williams@example.com,Male,+1-586-583-7398,USA,1962-04-05
9,Chris,Smith,chris.smith@example.com,Female,+1-497-920-7742,UK,1967-02-01
10,John,Brown,john.brown@example.com,Female,+1-393-811-8966,Australia,1984-02-14
11,Jane,Jones,jane.jones@example.com,Female,+1-883-370-6437,USA,1967-01-17
12,Chris,Johnson,chris.johnson@example.com,Female,+1-915-518-3262,Australia,1955-06-19
13,Jane,Brown,jane.brown@example.com,Male,+1-112-756-8603,UK,1967-08-15
14,Alex,Smith,alex.smith@example.com,Male,+1-646-372-1452,USA,1978-02-08
15,Jane,Smith,jane.smith@example.com,Male,+1-845-610-1084,USA,1959-02-05
16,John,Williams,john.williams@example.com,Female,+1-314-537-6001,Canada,1989-03-14
17,Alex,Smith,alex.smith@example.com,Female,+1-168-639-2318,India,1962-09-12
18,Jane,Smith,jane.smith@example.com,Male,+1-484-737-5260,Canada,1977-11-06
19,Chris,Williams,chris.williams@example.com,Male,+1-890-679-5831,USA,1961-03-14
20,John,Jones,john.jones@example.com,Male,+1-573-956-8496,UK,1985-04-04
21,John,Smith,john.smith@example.com,Female,+1-704-729-4417,USA,1950-06-15
22,Alex,Brown,alex.brown@example.com,Female,+1-344-927-1345,UK,1976-10-12
23,Alex,Brown,alex.brown@example.com,Female,+1-143-685-7460,Canada,1952-10-10
24,Jane,Smith,jane.smith@example.com,Female,+1-583-357-7184,Australia,1983-07-04
25,Alex,Johnson,alex.johnson@example.com,Male,+1-545-177-8645,UK,1987-05-08
26,Chris,Smith,chris.smith@example.com,Female,+1-589-365-5829,India,1977-10-01
27,Chris,Johnson,chris.johnson@example.com,Female,+1-228-336-4070,USA,1967-01-03
28,Jane,Jones,jane.jones@example.com,Female,+1-268-398-8745,USA,1996-10-18
29,John,Johnson,john.johnson@example.com,Female,+1-455-714-9263,Australia,1993-03-13
30,Alex,Johnson,alex.johnson@example.com,Female,+1-498-624-7995,USA,1994-04-18
31,John,Jones,john.jones@example.com,Male,+1-320-665-9664,UK,1957-04-11
32,Jane,Williams,jane.williams@example.com,Female,+1-116-422-8074,Canada,1981-10-11
33,Jane,Jones,jane.jones@example.com,Male,+1-134-580-7918,USA,1973-08-21
34,Katie,Jones,katie.jones@example.com,Female,+1-546-330-3748,USA,1993-08-14
35,Chris,Brown,chris.brown@example.com,Female,+1-321-705-1371,Canada,1978-01-14
36,Alex,Smith,alex.smith@example.com,Female,+1-945-217-7984,Canada,1959-07-16
37,John,Brown,john.brown@example.com,Male,+1-127-269-4216,Australia,1960-11-07
38,Jane,Brown,jane.brown@example.com,Female,+1-683-374-3956,India,1972-12-11
39,Katie,Williams,katie.williams@example.com,Female,+1-540-459-8561,Australia,1986-11-13
40,Alex,Brown,alex.brown@example.com,Male,+1-624-193-1261,India,1975-01-25
41,Jane,Jones,jane.jones@example.com,Male,+1-295-620-7982,Canada,1996-06-15
42,Katie,Brown,katie.brown@example.com,Male,+1-487-239-6567,Australia,1991-02-13
43,Katie,Johnson,katie.johnson@example.com,Male,+1-234-641-5898,UK,1970-06-06
44,Katie,Jones,katie.jones@example.com,Female,+1-820-798-2273,Australia,1992-01-11
45,Alex,Brown,alex.brown@example.com,Female,+1-777-380-8945,USA,1983-09-12
46,Chris,Brown,chris.brown@example.com,Male,+1-619-502-6925,India,1998-04-19
47,Jane,Jones,jane.jones@example.com,Male,+1-898-439-4916,India,1999-10-18
48,Jane,Smith,jane.smith@example.com,Male,+1-575-431-2713,USA,1979-07-28
49,Alex,Johnson,alex.johnson@example.com,Female,+1-957-729-4074,India,1954-08-19
50,Jane,Johnson,jane.johnson@example.com,Female,+1-140-790-5762,Australia,1974-02-03
51,Chris,Jones,chris.jones@example.com,Male,+1-137-528-1909,Canada,1979-10-22
52,Katie,Johnson,katie.johnson@example.com,Female,+1-829-998-7949,Australia,1969-11-27
53,Chris,Jones,chris.jones@example.com,Male,+1-966-694-5073,UK,1993-06-11
54,Katie,Williams,katie.williams@example.com,Female,+1-220-880-8016,Canada,1968-03-06
55,Jane,Williams,jane.williams@example.com,Male,+1-365-543-8026,USA,1959-09-11
56,Katie,Brown,katie.brown@example.com,Male,+1-349-229-2517,Australia,1974-10-09
57,Katie,Johnson,katie.johnson@example.com,Male,+1-648-675-4882,Australia,1977-06-11
58,Katie,Brown,katie.brown@example.com,Male,+1-980-643-1515,UK,1966-03-02
59,Alex,Jones,alex.jones@example.com,Female,+1-378-602-1010,Canada,1997-10-13
60,Chris,Brown,chris.brown@example.com,Male,+1-371-146-8250,Canada,1957-03-17
61,Chris,Williams,chris.williams@example.com,Female,+1-434-634-5447,India,1995-01-22
62,John,Brown,john.brown@example.com,Male,+1-189-711-8268,UK,1967-05-24
63,Chris,Brown,chris.brown@example.com,Female,+1-577-932-2082,Canada,1981-05-05
64,Katie,Jones,katie.jones@example.com,Male,+1-928-465-2311,USA,1974-06-22
65,John,Johnson,john.johnson@example.com,Male,+1-590-522-5717,India,1965-12-28
66,John,Brown,john.brown@example.com,Female,+1-843-917-8441,Australia,1992-06-17
67,Chris,Smith,chris.smith@example.com,Female,+1-110-296-1927,Canada,1971-11-22
68,Alex,Johnson,alex.johnson@example.com,Female,+1-246-673-1230,India,1955-09-17
69,Alex,Johnson,alex.johnson@example.com,Male,+1-791-978-3138,USA,1992-03-08
70,Katie,Jones,katie.jones@example.com,Male,+1-234-251-8430,Canada,1954-04-06
71,Jane,Johnson,jane.johnson@example.com,Male,+1-946-572-3450,Australia,1974-09-14
72,Chris,Williams,chris.williams@example.com,Male,+1-153-741-3382,Canada,1997-04-01
73,Katie,Williams,katie.williams@example.com,Male,+1-334-254-5126,Canada,1968-09-20
74,Jane,Brown,jane.brown@example.com,Female,+1-891-546-2666,UK,1963-06-18
75,Katie,Jones,katie.jones@example.com,Female,+1-966-192-9750,Canada,1975-06-09
76,Jane,Jones,jane.jones@example.com,Male,+1-606-101-5745,Australia,1997-01-18
77,Katie,Johnson,katie.johnson@example.com,Male,+1-827-167-1494,USA,1980-01-03
78,Chris,Johnson,chris.johnson@example.com,Female,+1-985-108-9058,Australia,1953-12-15
79,Alex,Brown,alex.brown@example.com,Male,+1-623-362-7532,Australia,1971-06-05
80,Jane,Williams,jane.williams@example.com,Male,+1-399-538-7062,UK,1957-04-27
81,Alex,Williams,alex.williams@example.com,Female,+1-451-955-1585,UK,1999-04-05
82,Katie,Smith,katie.smith@example.com,Male,+1-527-378-5459,Australia,1973-10-03
83,Jane,Brown,jane.brown@example.com,Female,+1-267-579-4906,USA,1998-10-03
84,Alex,Johnson,alex.johnson@example.com,Female,+1-773-140-8050,Canada,1997-11-09
85,Katie,Brown,katie.brown@example.com,Male,+1-721-836-1773,Canada,1964-02-12
86,Chris,Johnson,chris.johnson@example.com,Female,+1-161-620-1206,USA,1976-11-15
87,Alex,Smith,alex.smith@example.com,Male,+1-246-881-4894,India,1976-07-20
88,John,Smith,john.smith@example.com,Male,+1-499-796-8585,Australia,1961-10-28
89,Katie,Williams,katie.williams@example.com,Female,+1-126-598-7411,Australia,1958-05-05
90,Alex,Smith,alex.smith@example.com,Male,+1-160-667-8402,UK,1979-07-15
91,John,Smith,john.smith@example.com,Male,+1-995-391-5215,Canada,1950-03-13
92,Chris,Smith,chris.smith@example.com,Female,+1-216-949-4276,Canada,1986-10-22
93,John,Jones,john.jones@example.com,Male,+1-432-207-4073,UK,1975-04-21
94,Chris,Brown,chris.brown@example.com,Female,+1-252-382-8299,UK,1989-10-03
95,Jane,Johnson,jane.johnson@example.com,Male,+1-168-664-9236,UK,1995-05-08
96,Jane,Brown,jane.brown@example.com,Male,+1-728-457-6994,Australia,1989-09-08
97,Jane,Brown,jane.brown@example.com,Male,+1-903-892-2627,Canada,1986-06-17
98,John,Brown,john.brown@example.com,Female,+1-567-712-8237,India,1983-01-01
99,John,Jones,john.jones@example.com,Male,+1-382-232-4376,USA,1954-11-16
100,Alex,Jones,alex.jones@example.com,Male,+1-620-546-4224,Australia,1989-02-11
101,Jane,Smith,jane.smith@example.com,Female,+1-943-316-9816,Canada,1958-07-25
102,Katie,Jones,katie.jones@example.com,Female,+1-303-963-6045,UK,1951-12-09
103,Alex,Jones,alex.jones@example.com,Female,+1-730-341-2585,USA,1978-01-16
104,Katie,Smith,katie.smith@example.com,Male,+1-462-208-6908,India,1975-10-24
105,Chris,Brown,chris.brown@example.com,Male,+1-373-989-7897,Australia,1987-06-06
106,Jane,Johnson,jane.johnson@example.com,Male,+1-786-916-1477,Australia,1953-12-10
107,Chris,Jones,chris.jones@example.com,Female,+1-652-491-2414,Canada,1985-01-08
108,Katie,Jones,katie.jones@example.com,Male,+1-377-519-3884,Canada,1963-10-20
109,Jane,Brown,jane.brown@example.com,Female,+1-176-692-8006,Canada,1982-12-12
110,Katie,Brown,katie.brown@example.com,Male,+1-620-136-2976,Canada,1952-04-20
111,Katie,Jones,katie.jones@example.com,Female,+1-706-929-1018,India,1987-09-28
112,John,Williams,john.williams@example.com,Female,+1-822-473-3174,USA,1980-10-01
113,Chris,Brown,chris.brown@example.com,Female,+1-431-244-3935,Australia,1992-11-20
114,Chris,Brown,chris.brown@example.com,Female,+1-739-594-7519,UK,1997-10-27
115,Katie,Brown,katie.brown@example.com,Male,+1-383-166-5724,Australia,1972-10-28
116,Chris,Williams,chris.williams@example.com,Female,+1-650-425-6379,India,1981-12-06
117,Jane,Smith,jane.smith@example.com,Male,+1-296-371-2085,USA,1998-04-11
118,Katie,Johnson,katie.johnson@example.com,Female,+1-275-795-4285,Australia,1987-06-06
119,Chris,Jones,chris.jones@example.com,Male,+1-518-577-5529,USA,1974-10-20
120,Katie,Williams,katie.williams@example.com,Male,+1-646-248-6363,India,1954-11-11
121,John,Jones,john.jones@example.com,Female,+1-345-147-5285,USA,1973-05-20
122,John,Jones,john.jones@example.com,Male,+1-743-874-1700,India,1994-03-16
123,Jane,Brown,jane.brown@example.com,Male,+1-623-499-4203,Australia,1960-11-17
124,Alex,Johnson,alex.johnson@example.com,Female,+1-279-378-9100,USA,1994-07-01
125,John,Williams,john.williams@example.com,Female,+1-725-207-7506,India,1984-12-20
126,John,Brown,john.brown@example.com,Female,+1-333-774-4332,Canada,1993-05-23
127,Chris,Williams,chris.williams@example.com,Female,+1-484-988-9235,India,1955-11-24
128,Katie,Johnson,katie.johnson@example.com,Female,+1-450-825-6479,Canada,1956-10-18
129,Katie,Smith,katie.smith@example.com,Male,+1-754-893-2805,Australia,1984-07-02
130,Alex,Smith,alex.smith@example.com,Female,+1-275-647-9674,USA,1979-05-13
131,John,Brown,john.brown@example.com,Female,+1-788-411-6527,USA,1969-11-11
132,Katie,Brown,katie.brown@example.com,Female,+1-244-819-9144,UK,1996-08-10
133,Chris,Jones,chris.jones@example.com,Female,+1-371-873-8399,USA,1999-10-22
134,Chris,Williams,chris.williams@example.com,Female,+1-267-123-7397,UK,1974-08-04
135,John,Williams,john.williams@example.com,Male,+1-211-604-7950,India,1950-02-13
136,Chris,Smith,chris.smith@example.com,Male,+1-854-704-9123,UK,1991-06-23
137,John,Jones,john.jones@example.com,Male,+1-580-948-9245,Canada,1993-01-02
138,Jane,Jones,jane.jones@example.com,Female,+1-598-462-7323,India,1964-03-24
139,John,Smith,john.smith@example.com,Female,+1-375-491-9349,India,1985-12-21
140,Chris,Williams,chris.williams@example.com,Female,+1-726-504-2239,UK,1964-12-16
141,Katie,Williams,katie.williams@example.com,Male,+1-335-904-5380,UK,1988-02-16
142,Katie,Williams,katie.williams@example.com,Male,+1-890-752-5052,UK,1955-05-01
143,Katie,Jones,katie.jones@example.com,Female,+1-274-358-2155,Australia,1966-10-10
144,Katie,Brown,katie.brown@example.com,Female,+1-190-453-3378,USA,1973-10-23
145,Jane,Johnson,jane.johnson@example.com,Male,+1-220-583-3570,Australia,1982-02-21
146,John,Williams,john.williams@example.com,Female,+1-304-822-4147,UK,1993-02-18
147,Jane,Brown,jane.brown@example.com,Female,+1-828-546-7804,UK,1972-05-20
148,Jane,Smith,jane.smith@example.com,Male,+1-782-182-3097,India,1961-12-27
149,Jane,Johnson,jane.johnson@example.com,Female,+1-284-659-5658,Canada,1993-11-25
150,John,Smith,john.smith@example.com,Male,+1-177-503-2708,Canada,1957-04-02
151,Jane,Jones,jane.jones@example.com,Male,+1-245-852-2468,Australia,1984-08-21
152,John,Williams,john.williams@example.com,Male,+1-717-459-4062,Australia,1956-04-14
153,Chris,Jones,chris.jones@example.com,Female,+1-245-471-5523,Canada,1958-01-24
154,Katie,Williams,katie.williams@example.com,Male,+1-649-704-6634,Australia,1955-07-23
155,Jane,Brown,jane.brown@example.com,Male,+1-982-319-9158,Australia,1974-02-14
156,John,Smith,john.smith@example.com,Male,+1-279-681-5123,India,1969-05-08
157,Katie,Brown,katie.brown@example.com,Male,+1-350-608-6605,USA,1968-09-04
158,Chris,Johnson,chris.johnson@example.com,Male,+1-886-221-3585,UK,1999-07-02
159,Jane,Jones,jane.jones@example.com,Male,+1-582-171-5787,USA,1989-01-01
160,Jane,Smith,jane.smith@example.com,Male,+1-883-830-8689,Canada,1962-06-06
161,Alex,Brown,alex.brown@example.com,Female,+1-500-513-4907,Australia,1976-07-10
162,Chris,Jones,chris.jones@example.com,Female,+1-430-767-1924,UK,1995-09-06
163,Jane,Smith,jane.smith@example.com,Female,+1-572-829-1063,Canada,1970-08-22
164,Chris,Williams,chris.williams@example.com,Male,+1-537-591-8318,Australia,1997-06-28
165,Katie,Johnson,katie.johnson@example.com,Male,+1-483-370-5290,UK,1987-08-04
166,Chris,Smith,chris.smith@example.com,Male,+1-406-250-4012,USA,1966-08-15
167,Alex,Smith,alex.smith@example.com,Male,+1-752-994-9571,Canada,1991-05-05
168,Katie,Johnson,katie.johnson@example.com,Male,+1-376-121-8640,UK,1974-11-16
169,Katie,Jones,katie.jones@example.com,Female,+1-238-370-9452,Australia,1977-07-26
170,Katie,Brown,katie.brown@example.com,Female,+1-109-164-9173,Canada,1957-04-04
171,John,Smith,john.smith@example.com,Female,+1-858-448-3276,Canada,1970-02-15
172,Chris,Smith,chris.smith@example.com,Female,+1-122-514-9514,UK,1971-10-17
173,Chris,Smith,chris.smith@example.com,Female,+1-754-324-1736,Australia,1953-06-10
174,Chris,Smith,chris.smith@example.com,Female,+1-100-382-3129,Australia,1961-02-10
175,Jane,Johnson,jane.johnson@example.com,Female,+1-542-608-3236,UK,1950-03-08
176,John,Jones,john.jones@example.com,Male,+1-890-636-4302,UK,1997-07-24
177,John,Williams,john.williams@example.com,Female,+1-986-609-4066,UK,1988-08-02
178,Alex,Johnson,alex.johnson@example.com,Female,+1-276-357-7719,UK,1964-11-12
179,Chris,Brown,chris.brown@example.com,Male,+1-502-376-6186,India,1964-11-06
180,John,Brown,john.brown@example.com,Male,+1-600-225-3359,India,1987-07-18
181,John,Brown,john.brown@example.com,Male,+1-610-448-4115,USA,1993-11-07
182,John,Smith,john.smith@example.com,Female,+1-364-208-6271,Australia,1965-09-23
183,Alex,Smith,alex.smith@example.com,Male,+1-224-364-7830,USA,1990-07-12
184,John,Williams,john.williams@example.com,Female,+1-332-328-9249,Australia,1964-04-17
185,John,Johnson,john.johnson@example.com,Male,+1-767-270-9537,Australia,1983-01-24
186,Jane,Brown,jane.brown@example.com,Female,+1-354-296-2458,India,1954-12-18
187,Katie,Jones,katie.jones@example.com,Female,+1-631-593-4695,USA,1954-01-26
188,Jane,Brown,jane.brown@example.com,Female,+1-337-900-4077,India,1958-11-08
189,Jane,Jones,jane.jones@example.com,Male,+1-363-393-2734,Australia,1976-10-21
190,Jane,Brown,jane.brown@example.com,Female,+1-717-497-4216,USA,1980-01-24
191,Jane,Smith,jane.smith@example.com,Female,+1-155-473-1113,Australia,1989-04-05
192,Chris,Smith,chris.smith@example.com,Male,+1-115-821-1576,USA,1984-11-03
193,Chris,Brown,chris.brown@example.com,Female,+1-743-767-2983,UK,1978-03-12
194,Alex,Brown,alex.brown@example.com,Female,+1-961-343-3561,India,1988-08-02
195,Jane,Jones,jane.jones@example.com,Male,+1-787-878-3400,Canada,1987-04-01
196,Jane,Smith,jane.smith@example.com,Female,+1-359-975-4845,UK,1975-01-06
197,Alex,Johnson,alex.johnson@example.com,Female,+1-104-913-6389,India,1982-03-04
198,Chris,Johnson,chris.johnson@example.com,Female,+1-544-751-6737,Australia,1998-03-02
199,Alex,Johnson,alex.johnson@example.com,Female,+1-946-544-7827,Canada,1970-03-13
200,Katie,Jones,katie.jones@example.com,Male,+1-800-276-1571,Australia,1964-06-04
201,John,Williams,john.williams@example.com,Male,+1-146-731-1890,Canada,1964-01-16
202,Jane,Brown,jane.brown@example.com,Male,+1-701-383-4608,India,1959-09-05
203,John,Williams,john.williams@example.com,Female,+1-303-166-9172,Australia,1961-07-28
204,Jane,Johnson,jane.johnson@example.com,Female,+1-167-641-7812,Canada,1990-04-14
205,Jane,Johnson,jane.johnson@example.com,Male,+1-693-198-3955,USA,1992-05-22
206,Jane,Williams,jane.williams@example.com,Male,+1-196-524-5487,UK,1964-07-22
207,John,Williams,john.williams@example.com,Female,+1-721-635-8309,Canada,1950-11-19
208,John,Williams,john.williams@example.com,Female,+1-433-647-9897,Canada,1952-06-06
209,Chris,Jones,chris.jones@example.com,Female,+1-445-804-9380,UK,1998-02-16
210,Chris,Brown,chris.brown@example.com,Male,+1-141-913-8595,USA,1972-09-22
211,Jane,Smith,jane.smith@example.com,Male,+1-898-972-2086,India,1994-08-03
212,Jane,Jones,jane.jones@example.com,Female,+1-230-556-6331,Australia,1983-05-10
213,Alex,Smith,alex.smith@example.com,Female,+1-118-892-4557,Australia,1989-02-07
214,Chris,Brown,chris.brown@example.com,Female,+1-625-413-9585,USA,1990-04-18
215,Katie,Jones,katie.jones@example.com,Female,+1-292-705-2722,Canada,1976-06-10
216,Alex,Brown,alex.brown@example.com,Female,+1-415-313-3013,UK,1997-04-28
217,John,Smith,john.smith@example.com,Female,+1-989-718-5917,Australia,1982-03-20
218,Jane,Johnson,jane.johnson@example.com,Male,+1-260-957-7396,India,1987-09-18
219,Jane,Johnson,jane.johnson@example.com,Female,+1-341-750-5433,USA,1960-03-08
220,Alex,Brown,alex.brown@example.com,Male,+1-375-139-7744,USA,1986-11-15
221,Jane,Johnson,jane.johnson@example.com,Male,+1-433-625-3076,Canada,1968-10-19
222,Alex,Smith,alex.smith@example.com,Female,+1-727-246-1894,Canada,1979-07-02
223,Alex,Smith,alex.smith@example.com,Female,+1-300-942-5728,USA,1997-07-24
224,Jane,Jones,jane.jones@example.com,Male,+1-192-924-9838,UK,1981-12-08
225,John,Williams,john.williams@example.com,Male,+1-225-923-3057,USA,1960-12-28
226,John,Williams,john.williams@example.com,Female,+1-499-884-9325,India,1979-04-20
227,Jane,Johnson,jane.johnson@example.com,Female,+1-817-101-7144,Australia,1954-09-11
228,Jane,Williams,jane.williams@example.com,Female,+1-793-634-7328,USA,1952-01-27
229,John,Jones,john.jones@example.com,Female,+1-776-782-4534,UK,1968-05-11
230,Chris,Johnson,chris.johnson@example.com,Male,+1-429-319-1879,Canada,1999-08-16
231,Katie,Smith,katie.smith@example.com,Female,+1-306-987-2814,UK,1990-10-27
232,John,Smith,john.smith@example.com,Male,+1-920-649-9916,Canada,1952-09-20
233,Jane,Brown,jane.brown@example.com,Female,+1-501-916-5799,USA,1992-12-15
234,Katie,Williams,katie.williams@example.com,Female,+1-273-892-6890,Canada,1955-12-27
235,Alex,Smith,alex.smith@example.com,Male,+1-794-721-4054,UK,1992-05-27
236,Alex,Johnson,alex.johnson@example.com,Female,+1-750-895-5736,India,1991-06-10
237,John,Jones,john.jones@example.com,Female,+1-121-748-9782,Australia,1984-03-17
238,John,Brown,john.brown@example.com,Male,+1-862-219-5393,India,1963-07-15
239,Katie,Brown,katie.brown@example.com,Female,+1-923-451-2928,Canada,1985-12-27
240,Alex,Jones,alex.jones@example.com,Male,+1-834-736-3035,Australia,1966-07-09
241,Alex,Brown,alex.brown@example.com,Female,+1-573-540-6014,Australia,1967-12-22
242,Alex,Johnson,alex.johnson@example.com,Male,+1-209-652-6098,UK,1977-02-05
243,Katie,Williams,katie.williams@example.com,Male,+1-221-286-7220,Australia,1953-12-24
244,Katie,Johnson,katie.johnson@example.com,Male,+1-771-753-1140,India,1979-06-03
245,Chris,Jones,chris.jones@example.com,Female,+1-882-306-5197,Canada,1982-06-06
246,Jane,Williams,jane.williams@example.com,Female,+1-787-718-1103,India,1991-11-11
247,Alex,Smith,alex.smith@example.com,Female,+1-752-377-8647,Canada,1976-10-04
248,Jane,Jones,jane.jones@example.com,Female,+1-294-892-4891,India,1972-06-01
249,Jane,Johnson,jane.johnson@example.com,Female,+1-881-463-4341,Canada,1971-10-03
250,Jane,Smith,jane.smith@example.com,Male,+1-973-404-1519,India,1987-02-17
251,Chris,Johnson,chris.johnson@example.com,Male,+1-402-302-6229,Canada,1974-04-11
252,John,Williams,john.williams@example.com,Male,+1-457-316-9819,USA,1969-08-25
253,Katie,Johnson,katie.johnson@example.com,Female,+1-228-913-5886,Australia,1975-03-02
254,Chris,Johnson,chris.johnson@example.com,Male,+1-713-954-9330,UK,1987-08-03
255,Chris,Johnson,chris.johnson@example.com,Female,+1-753-257-3846,USA,1969-04-09
256,John,Jones,john.jones@example.com,Female,+1-596-111-3453,UK,1975-07-07
257,Alex,Smith,alex.smith@example.com,Male,+1-125-530-8921,Canada,1987-03-26
258,John,Williams,john.williams@example.com,Male,+1-719-983-5278,India,1961-03-22
259,Chris,Smith,chris.smith@example.com,Male,+1-185-798-6152,USA,1955-08-28
260,Alex,Jones,alex.jones@example.com,Male,+1-101-874-9978,USA,1992-09-18
261,Chris,Brown,chris.brown@example.com,Male,+1-221-511-2473,Canada,1978-02-26
262,Jane,Brown,jane.brown@example.com,Female,+1-275-371-4295,UK,1989-07-05
263,Jane,Smith,jane.smith@example.com,Female,+1-466-282-7620,UK,1965-04-17
264,John,Johnson,john.johnson@example.com,Female,+1-976-231-4643,Canada,1995-11-15
265,Jane,Brown,jane.brown@example.com,Female,+1-573-343-7131,India,1978-03-15
266,Jane,Johnson,jane.johnson@example.com,Female,+1-843-103-4635,India,1973-05-28
267,John,Johnson,john.johnson@example.com,Male,+1-648-375-3986,Australia,1961-03-03
268,Alex,Brown,alex.brown@example.com,Male,+1-932-547-8641,UK,1994-11-03
269,John,Brown,john.brown@example.com,Female,+1-718-228-6140,USA,1953-07-13
270,Jane,Smith,jane.smith@example.com,Female,+1-708-815-6888,Canada,1970-04-11
271,John,Smith,john.smith@example.com,Male,+1-225-897-1095,USA,1999-01-28
272,Katie,Williams,katie.williams@example.com,Male,+1-120-708-9486,Canada,1959-03-14
273,Alex,Smith,alex.smith@example.com,Female,+1-927-450-9648,India,1970-03-17
274,Chris,Johnson,chris.johnson@example.com,Male,+1-248-696-6015,UK,1955-07-28
275,Alex,Smith,alex.smith@example.com,Male,+1-399-296-7536,India,1978-09-14
276,John,Jones,john.jones@example.com,Female,+1-811-213-5312,India,1968-10-15
277,Katie,Johnson,katie.johnson@example.com,Male,+1-367-578-4035,Australia,1986-11-05
278,Chris,Brown,chris.brown@example.com,Male,+1-574-725-5107,Canada,1956-12-18
279,John,Brown,john.brown@example.com,Male,+1-603-990-9826,Canada,1958-06-20
280,Katie,Jones,katie.jones@example.com,Male,+1-357-957-3931,India,1976-05-15
281,Chris,Johnson,chris.johnson@example.com,Female,+1-678-649-6818,India,1980-04-24
282,Chris,Smith,chris.smith@example.com,Female,+1-234-122-5948,India,1967-11-13
283,Katie,Williams,katie.williams@example.com,Female,+1-828-152-5825,Australia,1997-03-03
284,Chris,Smith,chris.smith@example.com,Male,+1-885-404-2364,USA,1982-02-28
285,Katie,Smith,katie.smith@example.com,Male,+1-869-174-2463,India,1968-09-20
286,Jane,Williams,jane.williams@example.com,Female,+1-253-974-4560,USA,1984-12-09
287,John,Jones,john.jones@example.com,Female,+1-973-346-5061,India,1980-01-27
288,John,Smith,john.smith@example.com,Female,+1-711-958-3403,Australia,1969-03-05
289,Jane,Brown,jane.brown@example.com,Female,+1-105-145-2264,USA,1964-02-08
290,Alex,Johnson,alex.johnson@example.com,Female,+1-600-191-2937,Canada,1959-01-26
291,Jane,Johnson,jane.johnson@example.com,Female,+1-713-172-1292,UK,1965-09-24
292,Alex,Johnson,alex.johnson@example.com,Male,+1-359-814-8966,UK,1975-11-28
293,Chris,Johnson,chris.johnson@example.com,Male,+1-975-577-7571,Australia,1966-01-06
294,Katie,Brown,katie.brown@example.com,Male,+1-924-334-3187,Australia,1950-09-08
295,Katie,Smith,katie.smith@example.com,Female,+1-384-184-7124,India,1995-04-12
296,Chris,Brown,chris.brown@example.com,Male,+1-622-305-2354,Australia,1987-10-10
297,Chris,Johnson,chris.johnson@example.com,Male,+1-442-792-8779,India,1976-09-05
298,Katie,Johnson,katie.johnson@example.com,Male,+1-957-905-7478,USA,1955-04-06
299,Chris,Williams,chris.williams@example.com,Female,+1-651-994-9904,Australia,1980-10-15
300,Jane,Brown,jane.brown@example.com,Female,+1-951-840-4850,Canada,1989-02-27
301,Katie,Jones,katie.jones@example.com,Female,+1-301-407-1019,India,1970-02-22
302,Chris,Brown,chris.brown@example.com,Female,+1-730-536-6822,UK,1961-05-04
303,Chris,Brown,chris.brown@example.com,Male,+1-462-835-2721,Australia,1966-02-08
304,Jane,Smith,jane.smith@example.com,Female,+1-304-450-3898,USA,1996-09-12
305,Chris,Jones,chris.jones@example.com,Male,+1-875-149-6592,Canada,1965-12-15
306,Alex,Smith,alex.smith@example.com,Male,+1-654-888-5069,Australia,1973-05-10
307,Alex,Brown,alex.brown@example.com,Male,+1-528-496-9732,USA,1988-10-01
308,Alex,Johnson,alex.johnson@example.com,Male,+1-169-659-2656,UK,1985-01-27
309,Jane,Smith,jane.smith@example.com,Female,+1-399-330-2977,India,1988-06-20
310,Alex,Williams,alex.williams@example.com,Male,+1-638-851-4238,UK,1984-04-02
311,Jane,Jones,jane.jones@example.com,Female,+1-475-987-9185,USA,1984-05-18
312,Jane,Smith,jane.smith@example.com,Female,+1-285-807-1523,Australia,1999-06-01
313,Alex,Smith,alex.smith@example.com,Female,+1-132-988-2006,Australia,1985-02-25
314,Chris,Brown,chris.brown@example.com,Male,+1-725-783-6875,UK,1978-07-09
315,Alex,Johnson,alex.johnson@example.com,Male,+1-264-152-7627,Canada,1951-01-11
316,John,Johnson,john.johnson@example.com,Male,+1-665-199-7958,Australia,1986-01-23
317,John,Johnson,john.johnson@example.com,Male,+1-962-767-1289,UK,1992-02-14
318,John,Smith,john.smith@example.com,Female,+1-320-911-9681,India,1999-08-04
319,Alex,Williams,alex.williams@example.com,Female,+1-588-936-5896,Australia,1982-01-05
320,Katie,Jones,katie.jones@example.com,Male,+1-304-558-5991,India,1992-04-02
321,John,Williams,john.williams@example.com,Female,+1-402-629-6831,Canada,1989-02-21
322,Alex,Williams,alex.williams@example.com,Female,+1-322-309-4725,UK,1989-05-14
323,John,Jones,john.jones@example.com,Female,+1-220-541-9507,USA,1968-11-27
324,Katie,Smith,katie.smith@example.com,Female,+1-590-499-9287,Australia,1967-12-23
325,Jane,Williams,jane.williams@example.com,Female,+1-129-769-4571,India,1999-09-26
326,John,Johnson,john.johnson@example.com,Female,+1-395-118-7407,Canada,1985-09-14
327,John,Johnson,john.johnson@example.com,Female,+1-124-478-2448,Australia,1986-03-09
328,Chris,Brown,chris.brown@example.com,Female,+1-707-525-5203,India,1985-12-04
329,Jane,Brown,jane.brown@example.com,Female,+1-605-170-6688,Canada,1986-04-22
330,Chris,Williams,chris.williams@example.com,Male,+1-361-990-2711,India,1983-11-24
331,John,Williams,john.williams@example.com,Female,+1-209-994-1176,India,1951-04-07
332,John,Jones,john.jones@example.com,Female,+1-826-870-9472,Australia,1979-10-10
333,Chris,Smith,chris.smith@example.com,Male,+1-266-711-5530,UK,1955-10-26
334,John,Jones,john.jones@example.com,Female,+1-260-136-3565,Canada,1997-12-09
335,John,Williams,john.williams@example.com,Female,+1-172-359-1312,USA,1970-04-25
336,Katie,Johnson,katie.johnson@example.com,Male,+1-617-895-9577,UK,1953-01-03
337,John,Johnson,john.johnson@example.com,Male,+1-144-624-5113,Australia,1955-09-25
338,John,Jones,john.jones@example.com,Female,+1-827-139-9804,Australia,1999-11-14
339,Chris,Williams,chris.williams@example.com,Male,+1-858-321-6318,India,1965-12-27
340,Chris,Brown,chris.brown@example.com,Male,+1-821-268-8426,UK,1967-06-28
341,Katie,Smith,katie.smith@example.com,Male,+1-757-249-2726,India,1991-11-12
342,Jane,Smith,jane.smith@example.com,Female,+1-195-798-4690,USA,1977-03-04
343,Katie,Johnson,katie.johnson@example.com,Female,+1-544-575-9566,Canada,1964-03-12
344,John,Johnson,john.johnson@example.com,Male,+1-244-890-4906,UK,1961-03-05
345,Alex,Williams,alex.williams@example.com,Female,+1-466-371-7394,USA,1982-07-11
346,John,Johnson,john.johnson@example.com,Female,+1-354-276-4867,Canada,1959-10-06
347,Katie,Williams,katie.williams@example.com,Male,+1-946-146-5270,Australia,1961-04-28
348,Chris,Jones,chris.jones@example.com,Male,+1-899-639-1493,Canada,1968-09-04
349,Alex,Smith,alex.smith@example.com,Male,+1-814-496-5935,India,1950-09-14
350,Jane,Smith,jane.smith@example.com,Male,+1-505-518-4026,USA,1995-12-11
351,Jane,Smith,jane.smith@example.com,Male,+1-302-807-6206,UK,1992-04-11
352,Alex,Johnson,alex.johnson@example.com,Female,+1-392-375-4945,USA,1959-08-04
353,Katie,Johnson,katie.johnson@example.com,Female,+1-786-986-7785,Canada,1979-09-26
354,Alex,Jones,alex.jones@example.com,Male,+1-110-406-2096,India,1954-12-10
355,Katie,Jones,katie.jones@example.com,Male,+1-945-668-9065,Canada,1993-01-13
356,Jane,Johnson,jane.johnson@example.com,Male,+1-821-776-6271,UK,1995-06-19
357,Katie,Brown,katie.brown@example.com,Female,+1-826-247-5440,USA,1972-01-19
358,Katie,Johnson,katie.johnson@example.com,Male,+1-333-969-4520,UK,1976-12-09
359,John,Jones,john.jones@example.com,Male,+1-743-710-2511,Canada,1961-08-13
360,Chris,Johnson,chris.johnson@example.com,Male,+1-204-358-9558,Canada,1973-10-20
361,Katie,Brown,katie.brown@example.com,Male,+1-188-806-7030,India,1956-12-21
362,Katie,Jones,katie.jones@example.com,Male,+1-842-771-5652,Canada,1981-03-02
363,Alex,Smith,alex.smith@example.com,Female,+1-544-376-3325,India,1977-06-04
364,Katie,Brown,katie.brown@example.com,Male,+1-751-822-8466,USA,1992-03-05
365,Jane,Johnson,jane.johnson@example.com,Female,+1-243-844-1073,USA,1991-11-15
366,Chris,Johnson,chris.johnson@example.com,Male,+1-459-492-2175,UK,1978-02-15
367,John,Brown,john.brown@example.com,Male,+1-182-304-6322,Australia,1957-02-08
368,Chris,Jones,chris.jones@example.com,Male,+1-117-321-7064,India,1952-02-28
369,Jane,Smith,jane.smith@example.com,Male,+1-692-404-9148,UK,1962-04-23
370,Chris,Smith,chris.smith@example.com,Female,+1-133-877-6265,India,1981-08-09
371,Katie,Smith,katie.smith@example.com,Male,+1-904-517-8061,India,1996-04-01
372,Chris,Johnson,chris.johnson@example.com,Female,+1-846-560-6925,UK,1997-06-23
373,John,Jones,john.jones@example.com,Male,+1-890-937-9474,Australia,1952-10-01
374,Katie,Brown,katie.brown@example.com,Male,+1-856-747-7463,Australia,1969-06-08
375,Katie,Jones,katie.jones@example.com,Male,+1-673-574-8577,Canada,1963-02-05
376,John,Jones,john.jones@example.com,Male,+1-397-742-3888,India,1978-05-12
377,Alex,Smith,alex.smith@example.com,Male,+1-419-832-6710,USA,1996-02-25
378,Chris,Johnson,chris.johnson@example.com,Male,+1-253-497-4312,UK,1998-04-10
379,Katie,Jones,katie.jones@example.com,Female,+1-552-235-8227,UK,1976-12-16
380,Jane,Brown,jane.brown@example.com,Male,+1-314-198-2615,Australia,1959-05-06
381,Alex,Brown,alex.brown@example.com,Male,+1-491-556-2637,USA,1993-07-19
382,Chris,Brown,chris.brown@example.com,Male,+1-574-958-7249,India,1991-06-04
383,Katie,Smith,katie.smith@example.com,Male,+1-457-830-7487,Australia,1992-02-04
384,Jane,Smith,jane.smith@example.com,Female,+1-412-378-2412,Canada,1995-05-24
385,Chris,Johnson,chris.johnson@example.com,Male,+1-633-443-9384,India,1987-08-24
386,Alex,Jones,alex.jones@example.com,Female,+1-309-950-8691,Canada,1959-03-18
387,Chris,Williams,chris.williams@example.com,Female,+1-564-885-6666,India,1978-04-06
388,Alex,Smith,alex.smith@example.com,Male,+1-437-407-5475,UK,1995-09-16
389,John,Johnson,john.johnson@example.com,Male,+1-827-700-4404,Australia,1958-07-17
390,Chris,Brown,chris.brown@example.com,Female,+1-376-352-8634,USA,1972-06-28
391,Katie,Smith,katie.smith@example.com,Male,+1-204-871-2592,India,1987-12-02
392,Jane,Johnson,jane.johnson@example.com,Female,+1-193-850-5259,UK,1980-04-26
393,Katie,Johnson,katie.johnson@example.com,Female,+1-861-785-2399,Canada,1976-07-13
394,Katie,Brown,katie.brown@example.com,Male,+1-261-489-5043,Canada,1968-02-12
395,Jane,Williams,jane.williams@example.com,Female,+1-694-522-9746,USA,1950-12-06
396,Katie,Smith,katie.smith@example.com,Male,+1-440-288-5260,UK,1959-08-21
397,Chris,Johnson,chris.johnson@example.com,Female,+1-324-816-4229,UK,1996-06-03
398,Katie,Williams,katie.williams@example.com,Female,+1-470-260-9619,UK,1977-11-09
399,Chris,Brown,chris.brown@example.com,Male,+1-858-345-6602,USA,1978-09-06
400,Alex,Brown,alex.brown@example.com,Female,+1-168-171-6274,Australia,1952-09-03
401,Jane,Jones,jane.jones@example.com,Male,+1-732-348-7077,UK,1983-11-09
402,Jane,Brown,jane.brown@example.com,Male,+1-358-739-1491,USA,1990-08-10
403,Katie,Smith,katie.smith@example.com,Male,+1-173-749-5792,Australia,1991-12-08
404,Katie,Williams,katie.williams@example.com,Female,+1-327-400-6951,USA,1964-02-21
405,Alex,Williams,alex.williams@example.com,Male,+1-511-492-7591,Australia,1989-04-09
406,John,Williams,john.williams@example.com,Female,+1-138-273-4261,USA,1971-12-03
407,Alex,Jones,alex.jones@example.com,Female,+1-670-666-8093,India,1980-07-28
408,Jane,Brown,jane.brown@example.com,Male,+1-874-851-4438,USA,1953-08-27
409,Alex,Johnson,alex.johnson@example.com,Male,+1-132-501-8492,Australia,1951-08-23
410,John,Brown,john.brown@example.com,Male,+1-672-207-8377,India,1996-04-26
411,Jane,Jones,jane.jones@example.com,Male,+1-147-491-6797,Australia,1957-10-16
412,Alex,Jones,alex.jones@example.com,Female,+1-230-387-6249,Australia,1982-09-06
413,John,Brown,john.brown@example.com,Female,+1-348-173-8015,USA,1956-05-20
414,John,Williams,john.williams@example.com,Male,+1-976-859-4995,Canada,1984-08-16
415,John,Jones,john.jones@example.com,Male,+1-222-516-9708,Australia,1981-10-02
416,John,Williams,john.williams@example.com,Male,+1-822-546-9212,Australia,1953-10-13
417,Jane,Jones,jane.jones@example.com,Male,+1-209-773-3586,Canada,1979-01-25
418,Jane,Johnson,jane.johnson@example.com,Male,+1-233-329-7326,Canada,1983-02-16
419,Jane,Johnson,jane.johnson@example.com,Male,+1-489-231-7100,UK,1997-12-20
420,Katie,Smith,katie.smith@example.com,Female,+1-471-848-4742,UK,1967-09-17
421,Jane,Johnson,jane.johnson@example.com,Female,+1-489-585-5281,India,1959-01-15
422,Katie,Williams,katie.williams@example.com,Male,+1-789-341-2931,UK,1976-08-01
423,John,Williams,john.williams@example.com,Female,+1-765-877-7594,USA,1953-02-21
424,Jane,Smith,jane.smith@example.com,Male,+1-349-915-7698,Australia,1974-10-13
425,Chris,Smith,chris.smith@example.com,Female,+1-297-504-2694,Canada,1953-01-21
426,Alex,Jones,alex.jones@example.com,Female,+1-308-187-8144,Canada,1955-01-12
427,Katie,Williams,katie.williams@example.com,Male,+1-662-422-6139,USA,1992-07-20
428,Alex,Smith,alex.smith@example.com,Female,+1-974-752-9651,Australia,1950-05-26
429,John,Williams,john.williams@example.com,Female,+1-208-419-8840,USA,1990-11-26
430,Alex,Williams,alex.williams@example.com,Female,+1-457-100-9608,Australia,1973-08-15
431,Alex,Brown,alex.brown@example.com,Female,+1-885-597-8491,Australia,1994-03-23
432,Jane,Jones,jane.jones@example.com,Male,+1-642-801-5481,UK,1957-06-21
433,Alex,Brown,alex.brown@example.com,Female,+1-265-251-2791,UK,1995-04-15
434,Jane,Brown,jane.brown@example.com,Female,+1-238-809-9369,UK,1997-05-20
435,John,Jones,john.jones@example.com,Female,+1-916-728-1122,USA,1956-09-27
436,Chris,Jones,chris.jones@example.com,Male,+1-340-905-8081,Australia,1976-06-08
437,Alex,Smith,alex.smith@example.com,Female,+1-120-603-9348,UK,1986-08-07
438,Katie,Brown,katie.brown@example.com,Female,+1-508-338-9611,Canada,1966-08-26
439,Alex,Williams,alex.williams@example.com,Male,+1-230-342-5035,Australia,1988-09-27
440,Jane,Smith,jane.smith@example.com,Female,+1-797-326-8227,UK,1957-07-27
441,Katie,Johnson,katie.johnson@example.com,Female,+1-983-944-9099,UK,1967-11-16
442,Jane,Brown,jane.brown@example.com,Female,+1-493-833-3377,Canada,1968-08-13
443,Katie,Williams,katie.williams@example.com,Female,+1-310-571-8851,Canada,1972-07-05
444,Jane,Jones,jane.jones@example.com,Male,+1-586-433-6563,USA,1961-03-23
445,Alex,Williams,alex.williams@example.com,Female,+1-692-989-2484,India,1971-03-26
446,Alex,Williams,alex.williams@example.com,Female,+1-639-910-4969,UK,1967-12-25
447,John,Smith,john.smith@example.com,Male,+1-669-266-3389,Canada,1982-01-25
448,John,Brown,john.brown@example.com,Female,+1-221-677-8382,USA,1957-10-04
449,Katie,Johnson,katie.johnson@example.com,Female,+1-394-601-9902,UK,1984-03-11
450,Jane,Smith,jane.smith@example.com,Female,+1-493-791-9922,UK,1980-06-06
451,Jane,Johnson,jane.johnson@example.com,Female,+1-121-432-2013,UK,1983-08-07
452,Alex,Brown,alex.brown@example.com,Female,+1-359-602-9343,UK,1963-02-14
453,Katie,Johnson,katie.johnson@example.com,Male,+1-447-882-2694,USA,1956-10-26
454,John,Williams,john.williams@example.com,Male,+1-806-455-5862,India,1988-12-16
455,Jane,Williams,jane.williams@example.com,Female,+1-268-252-7079,India,1972-07-04
456,Jane,Smith,jane.smith@example.com,Male,+1-325-803-6137,Australia,1996-05-23
457,Alex,Williams,alex.williams@example.com,Male,+1-370-849-6807,India,1955-01-13
458,Alex,Williams,alex.williams@example.com,Male,+1-777-202-8747,USA,1964-08-01
459,Chris,Smith,chris.smith@example.com,Male,+1-986-224-3829,India,1952-11-28
460,John,Jones,john.jones@example.com,Male,+1-735-681-5228,Canada,1953-05-16
461,John,Smith,john.smith@example.com,Female,+1-326-846-9215,Australia,1957-07-04
462,Alex,Johnson,alex.johnson@example.com,Female,+1-298-702-6678,UK,1963-10-05
463,John,Jones,john.jones@example.com,Male,+1-578-633-5509,Australia,1958-03-19
464,Katie,Jones,katie.jones@example.com,Male,+1-396-494-4275,USA,1978-05-03
465,Chris,Jones,chris.jones@example.com,Male,+1-360-588-1895,USA,1960-05-14
466,Alex,Brown,alex.brown@example.com,Female,+1-184-590-5808,Canada,1992-06-16
467,Alex,Johnson,alex.johnson@example.com,Female,+1-926-457-6034,India,1988-11-21
468,Jane,Smith,jane.smith@example.com,Female,+1-172-466-4613,USA,1983-10-26
469,Alex,Brown,alex.brown@example.com,Male,+1-291-343-6092,UK,1975-02-23
470,Alex,Jones,alex.jones@example.com,Male,+1-791-431-8640,USA,1976-04-17
471,Chris,Johnson,chris.johnson@example.com,Female,+1-344-767-9719,UK,1987-02-17
472,Katie,Williams,katie.williams@example.com,Female,+1-549-125-5450,UK,1968-05-27
473,Katie,Jones,katie.jones@example.com,Female,+1-489-301-6119,Australia,1976-09-14
474,John,Smith,john.smith@example.com,Male,+1-962-761-7432,India,1960-08-05
475,Chris,Brown,chris.brown@example.com,Male,+1-742-897-7579,Canada,1964-05-20
476,John,Brown,john.brown@example.com,Male,+1-675-364-7572,UK,1994-06-28
477,Chris,Smith,chris.smith@example.com,Male,+1-406-479-5517,USA,1997-08-18
478,John,Brown,john.brown@example.com,Male,+1-303-809-8361,USA,1962-04-21
479,Alex,Smith,alex.smith@example.com,Male,+1-598-338-3895,India,1968-08-13
480,John,Smith,john.smith@example.com,Male,+1-869-307-9744,Australia,1969-06-07
481,John,Smith,john.smith@example.com,Male,+1-524-692-5845,India,1989-08-16
482,Chris,Williams,chris.williams@example.com,Male,+1-889-412-9372,India,1982-10-10
483,Chris,Johnson,chris.johnson@example.com,Female,+1-331-957-7250,India,1955-12-02
484,John,Williams,john.williams@example.com,Male,+1-388-196-8232,Canada,1970-06-26
485,John,Brown,john.brown@example.com,Female,+1-497-113-9261,Canada,1991-08-07
486,Chris,Smith,chris.smith@example.com,Male,+1-497-962-7977,Australia,1988-12-27
487,Alex,Williams,alex.williams@example.com,Male,+1-682-319-7103,Australia,1973-11-25
488,Katie,Smith,katie.smith@example.com,Male,+1-296-694-4698,Canada,1977-11-21
489,Katie,Jones,katie.jones@example.com,Male,+1-408-596-4542,USA,1967-02-06
490,Chris,Brown,chris.brown@example.com,Female,+1-492-273-9442,UK,1958-12-27
491,Chris,Johnson,chris.johnson@example.com,Male,+1-315-491-4505,India,1960-07-23
492,John,Brown,john.brown@example.com,Male,+1-849-310-4172,UK,1987-06-08
493,Jane,Johnson,jane.johnson@example.com,Male,+1-803-565-6242,India,1995-07-20
494,Chris,Jones,chris.jones@example.com,Male,+1-309-241-8905,UK,1964-04-20
495,Katie,Smith,katie.smith@example.com,Male,+1-726-586-8530,India,1994-06-01
496,Katie,Jones,katie.jones@example.com,Male,+1-362-214-1108,Canada,1979-04-13
497,John,Brown,john.brown@example.com,Male,+1-105-107-4717,UK,1956-08-21
498,John,Brown,john.brown@example.com,Female,+1-707-614-3259,Australia,1990-09-01
499,Katie,Jones,katie.jones@example.com,Female,+1-965-575-1409,Canada,1954-10-17
500,Jane,Jones,jane.jones@example.com,Male,+1-937-483-8308,UK,1973-07-27
501,John,Smith,john.smith@example.com,Male,+1-347-967-6327,Canada,1989-09-25
502,Katie,Smith,katie.smith@example.com,Male,+1-387-167-8678,UK,1965-03-02
503,Katie,Brown,katie.brown@example.com,Male,+1-987-714-5539,UK,1993-12-01
504,Jane,Brown,jane.brown@example.com,Female,+1-585-392-4116,Australia,1995-10-14
505,Chris,Jones,chris.jones@example.com,Female,+1-377-834-5028,Australia,1990-07-16
506,John,Williams,john.williams@example.com,Male,+1-163-481-8695,USA,1962-07-20
507,Katie,Smith,katie.smith@example.com,Male,+1-648-206-8345,Australia,1992-05-27
508,Jane,Jones,jane.jones@example.com,Female,+1-637-970-5738,Canada,1961-01-05
509,Katie,Smith,katie.smith@example.com,Female,+1-578-578-9194,UK,1957-04-13
510,Alex,Williams,alex.williams@example.com,Male,+1-131-305-6095,USA,1970-01-01
511,Katie,Jones,katie.jones@example.com,Female,+1-785-513-6029,Australia,1968-10-19
512,Alex,Brown,alex.brown@example.com,Female,+1-318-661-4531,UK,1953-07-01
513,John,Johnson,john.johnson@example.com,Male,+1-805-119-8193,USA,1999-01-23
514,Katie,Jones,katie.jones@example.com,Female,+1-994-813-1918,Canada,1965-10-14
515,Chris,Johnson,chris.johnson@example.com,Male,+1-821-946-4195,USA,1967-08-02
516,John,Jones,john.jones@example.com,Female,+1-901-659-5470,India,1983-02-05
517,Chris,Smith,chris.smith@example.com,Female,+1-360-852-6712,Australia,1960-06-19
518,Chris,Smith,chris.smith@example.com,Male,+1-196-768-5767,Australia,1978-03-24
519,John,Smith,john.smith@example.com,Male,+1-667-106-9271,USA,1992-01-13
520,Chris,Smith,chris.smith@example.com,Female,+1-204-822-9258,Australia,1967-05-22
521,Alex,Smith,alex.smith@example.com,Male,+1-273-187-5452,UK,1995-11-14
522,Alex,Jones,alex.jones@example.com,Female,+1-820-939-6090,UK,1969-09-20
523,Jane,Brown,jane.brown@example.com,Male,+1-394-563-2155,Canada,1967-11-07
524,Katie,Jones,katie.jones@example.com,Female,+1-270-172-3274,UK,1966-08-08
525,Jane,Jones,jane.jones@example.com,Female,+1-524-738-5350,Australia,1962-01-06
526,John,Williams,john.williams@example.com,Female,+1-628-705-7035,Canada,1978-01-22
527,Chris,Smith,chris.smith@example.com,Female,+1-599-642-7108,Canada,1955-05-05
528,Katie,Brown,katie.brown@example.com,Female,+1-614-931-8141,USA,1985-05-17
529,Katie,Brown,katie.brown@example.com,Male,+1-956-488-9452,UK,1963-02-22
530,John,Smith,john.smith@example.com,Female,+1-899-116-3466,Australia,1966-06-07
531,Katie,Jones,katie.jones@example.com,Male,+1-658-319-1250,India,1994-09-11
532,Alex,Williams,alex.williams@example.com,Male,+1-873-149-5454,Canada,1961-09-22
533,Chris,Johnson,chris.johnson@example.com,Female,+1-440-190-4785,Canada,1958-07-13
534,Chris,Jones,chris.jones@example.com,Male,+1-909-409-7249,Australia,1979-10-18
535,John,Johnson,john.johnson@example.com,Male,+1-291-654-3106,India,1991-12-14
536,Katie,Johnson,katie.johnson@example.com,Male,+1-373-571-7113,Canada,1959-06-25
537,Chris,Brown,chris.brown@example.com,Male,+1-690-135-4560,UK,1995-05-06
538,John,Jones,john.jones@example.com,Male,+1-900-659-1657,USA,1957-09-17
539,Jane,Johnson,jane.johnson@example.com,Female,+1-932-699-9475,UK,1954-10-16
540,Jane,Johnson,jane.johnson@example.com,Female,+1-950-326-2092,UK,1984-07-15
541,Chris,Jones,chris.jones@example.com,Female,+1-149-365-5769,USA,1992-11-24
542,Jane,Johnson,jane.johnson@example.com,Female,+1-439-982-9156,Canada,1975-06-25
543,Katie,Jones,katie.jones@example.com,Female,+1-237-384-9501,Australia,1980-05-14
544,Jane,Jones,jane.jones@example.com,Female,+1-909-185-6311,USA,1955-06-10
545,John,Brown,john.brown@example.com,Male,+1-746-611-9474,USA,1969-06-26
546,John,Brown,john.brown@example.com,Female,+1-919-441-7341,India,1991-07-28
547,John,Smith,john.smith@example.com,Male,+1-126-489-2364,USA,1961-02-06
548,Alex,Williams,alex.williams@example.com,Male,+1-926-264-9421,Canada,1960-12-27
549,Jane,Jones,jane.jones@example.com,Male,+1-277-938-8204,USA,1963-01-13
550,Katie,Williams,katie.williams@example.com,Male,+1-733-426-3474,USA,1999-02-06
551,Chris,Smith,chris.smith@example.com,Female,+1-458-304-2741,UK,1974-07-15
552,Alex,Williams,alex.williams@example.com,Female,+1-569-622-5738,Canada,1971-05-26
553,John,Smith,john.smith@example.com,Female,+1-919-505-2754,India,1998-08-11
554,Katie,Smith,katie.smith@example.com,Male,+1-634-473-2357,Canada,1971-01-11
555,Alex,Williams,alex.williams@example.com,Female,+1-932-376-1413,Australia,1982-10-21
556,John,Williams,john.williams@example.com,Female,+1-819-769-6947,India,1956-03-25
557,Chris,Brown,chris.brown@example.com,Male,+1-194-166-7116,India,1997-10-10
558,John,Brown,john.brown@example.com,Female,+1-220-637-5441,Australia,1992-02-15
559,Jane,Johnson,jane.johnson@example.com,Female,+1-136-557-4501,India,1995-06-22
560,Chris,Smith,chris.smith@example.com,Female,+1-653-411-5208,Canada,1960-05-14
561,John,Williams,john.williams@example.com,Female,+1-979-315-1067,India,1999-07-06
562,Jane,Smith,jane.smith@example.com,Male,+1-657-136-9118,USA,1986-08-19
563,Alex,Williams,alex.williams@example.com,Female,+1-245-462-2836,USA,1989-01-09
564,John,Johnson,john.johnson@example.com,Male,+1-850-584-6156,Australia,1990-06-16
565,John,Johnson,john.johnson@example.com,Female,+1-566-923-6876,UK,1950-03-08
566,Katie,Smith,katie.smith@example.com,Male,+1-274-733-9498,UK,1963-11-04
567,Jane,Smith,jane.smith@example.com,Male,+1-318-153-4535,India,1998-08-21
568,Katie,Brown,katie.brown@example.com,Female,+1-565-134-5680,India,1978-04-28
569,Chris,Jones,chris.jones@example.com,Male,+1-581-594-1353,UK,1982-01-10
570,Jane,Johnson,jane.johnson@example.com,Female,+1-554-586-4943,Australia,1991-07-15
571,Katie,Brown,katie.brown@example.com,Male,+1-917-475-8204,India,1987-10-12
572,Jane,Smith,jane.smith@example.com,Female,+1-973-523-6956,India,1959-08-09
573,Alex,Williams,alex.williams@example.com,Male,+1-603-627-4460,UK,1955-11-24
574,Chris,Brown,chris.brown@example.com,Male,+1-976-109-8671,India,1983-01-21
575,Alex,Smith,alex.smith@example.com,Female,+1-930-351-7048,India,1967-04-16
576,John,Smith,john.smith@example.com,Male,+1-720-448-1560,Australia,1952-06-23
577,Katie,Brown,katie.brown@example.com,Male,+1-423-377-1966,UK,1987-07-10
578,John,Smith,john.smith@example.com,Female,+1-268-435-6868,UK,1995-08-12
579,John,Johnson,john.johnson@example.com,Male,+1-687-401-8860,UK,1990-02-09
580,Alex,Jones,alex.jones@example.com,Female,+1-581-354-5420,UK,1978-05-22
581,Jane,Brown,jane.brown@example.com,Male,+1-542-974-1484,UK,1973-08-24
582,Chris,Jones,chris.jones@example.com,Male,+1-806-742-8859,UK,1955-03-16
583,John,Williams,john.williams@example.com,Female,+1-987-324-7127,USA,1969-01-01
584,Chris,Williams,chris.williams@example.com,Female,+1-804-437-7586,Canada,1970-09-23
585,Katie,Johnson,katie.johnson@example.com,Male,+1-739-569-7002,Canada,1965-03-14
586,Katie,Brown,katie.brown@example.com,Female,+1-782-864-8492,UK,1994-10-19
587,John,Brown,john.brown@example.com,Female,+1-765-912-3279,USA,1986-02-16
588,Alex,Johnson,alex.johnson@example.com,Female,+1-190-837-1964,UK,1977-03-28
589,Katie,Johnson,katie.johnson@example.com,Male,+1-373-900-8986,Australia,1984-06-10
590,Jane,Brown,jane.brown@example.com,Female,+1-152-399-7266,Australia,1984-02-18
591,John,Smith,john.smith@example.com,Female,+1-229-531-2482,USA,1951-01-09
592,Katie,Williams,katie.williams@example.com,Female,+1-662-322-1099,UK,1959-04-17
593,Katie,Brown,katie.brown@example.com,Male,+1-559-270-6788,India,1987-06-21
594,John,Johnson,john.johnson@example.com,Male,+1-901-986-4232,India,1999-04-02
595,Alex,Jones,alex.jones@example.com,Male,+1-309-334-2276,Canada,1990-03-23
596,Jane,Williams,jane.williams@example.com,Female,+1-191-662-9975,Canada,1964-03-04
597,Alex,Williams,alex.williams@example.com,Male,+1-276-867-6658,India,1967-05-04
598,Katie,Brown,katie.brown@example.com,Female,+1-627-330-6515,Canada,1985-12-15
599,Alex,Williams,alex.williams@example.com,Female,+1-314-379-4888,UK,1994-05-12
600,Jane,Brown,jane.brown@example.com,Female,+1-894-962-3696,UK,1974-12-06
601,Chris,Williams,chris.williams@example.com,Female,+1-307-217-7488,Canada,1975-12-10
602,Katie,Jones,katie.jones@example.com,Female,+1-989-908-1539,UK,1989-07-10
603,Jane,Brown,jane.brown@example.com,Female,+1-678-661-5636,Canada,1979-01-09
604,Katie,Jones,katie.jones@example.com,Male,+1-527-875-3249,UK,1955-11-28
605,Jane,Williams,jane.williams@example.com,Male,+1-255-481-7286,Australia,1987-05-26
606,Chris,Brown,chris.brown@example.com,Male,+1-252-778-1899,Australia,1954-04-10
607,John,Jones,john.jones@example.com,Male,+1-198-297-2062,USA,1970-01-26
608,John,Jones,john.jones@example.com,Male,+1-349-258-4552,Canada,1951-07-05
609,John,Williams,john.williams@example.com,Female,+1-478-215-9227,Canada,1966-11-15
610,John,Jones,john.jones@example.com,Female,+1-513-811-3660,USA,1985-08-01
611,Katie,Jones,katie.jones@example.com,Female,+1-985-143-3948,Canada,1956-08-11
612,Alex,Smith,alex.smith@example.com,Male,+1-200-777-7493,USA,1986-04-02
613,Jane,Johnson,jane.johnson@example.com,Male,+1-594-934-1915,Australia,1972-10-03
614,John,Jones,john.jones@example.com,Female,+1-164-933-5472,Canada,1996-09-01
615,Chris,Williams,chris.williams@example.com,Female,+1-622-181-1758,Australia,1959-10-08
616,Katie,Williams,katie.williams@example.com,Male,+1-324-546-3101,USA,1978-08-04
617,John,Brown,john.brown@example.com,Male,+1-636-666-5823,Australia,1996-07-11
618,Jane,Williams,jane.williams@example.com,Male,+1-958-970-5521,USA,1974-10-15
619,Chris,Jones,chris.jones@example.com,Female,+1-309-836-1748,Australia,1988-07-25
620,Alex,Williams,alex.williams@example.com,Female,+1-677-133-7928,India,1991-04-17
621,Alex,Jones,alex.jones@example.com,Female,+1-531-843-2062,USA,1989-12-17
622,Chris,Johnson,chris.johnson@example.com,Female,+1-678-838-1285,India,1957-06-23
623,Alex,Jones,alex.jones@example.com,Male,+1-636-609-3286,India,1996-03-24
624,Chris,Brown,chris.brown@example.com,Male,+1-742-448-7414,Australia,1987-12-15
625,John,Johnson,john.johnson@example.com,Female,+1-183-831-6396,UK,1953-04-10
626,Jane,Smith,jane.smith@example.com,Male,+1-130-183-8922,India,1991-08-09
627,John,Williams,john.williams@example.com,Female,+1-645-896-6612,USA,1964-06-25
628,Chris,Johnson,chris.johnson@example.com,Male,+1-939-173-5622,USA,1984-12-23
629,Jane,Johnson,jane.johnson@example.com,Male,+1-990-775-8591,Canada,1975-01-21
630,Chris,Brown,chris.brown@example.com,Male,+1-103-931-2270,India,1984-09-07
631,Katie,Jones,katie.jones@example.com,Male,+1-422-231-4935,Australia,1988-07-17
632,Jane,Williams,jane.williams@example.com,Female,+1-522-414-3175,Canada,1974-10-26
633,Alex,Jones,alex.jones@example.com,Male,+1-143-209-4424,USA,1977-09-02
634,Katie,Brown,katie.brown@example.com,Male,+1-870-192-1201,Canada,1993-10-18
635,Chris,Johnson,chris.johnson@example.com,Female,+1-457-108-7889,India,1972-11-12
636,John,Johnson,john.johnson@example.com,Male,+1-543-873-4769,India,1971-09-27
637,Alex,Johnson,alex.johnson@example.com,Male,+1-649-490-7419,USA,1950-10-24
638,Katie,Jones,katie.jones@example.com,Female,+1-911-963-9480,India,1978-05-02
639,Alex,Smith,alex.smith@example.com,Male,+1-526-159-6400,UK,1976-07-03
640,Katie,Williams,katie.williams@example.com,Female,+1-655-161-9504,India,1950-12-18
641,Alex,Johnson,alex.johnson@example.com,Female,+1-892-218-8318,Canada,1979-10-23
642,Katie,Smith,katie.smith@example.com,Male,+1-642-544-7492,India,1986-12-12
643,Alex,Brown,alex.brown@example.com,Female,+1-878-247-1777,Australia,1991-07-13
644,Alex,Brown,alex.brown@example.com,Male,+1-890-116-4425,USA,1964-11-26
645,Katie,Williams,katie.williams@example.com,Male,+1-712-143-1412,UK,1967-03-17
646,Katie,Smith,katie.smith@example.com,Female,+1-161-267-3572,UK,1991-03-15
647,Alex,Johnson,alex.johnson@example.com,Female,+1-691-183-9302,Canada,1965-04-19
648,Jane,Smith,jane.smith@example.com,Male,+1-536-448-8194,India,1987-07-08
649,John,Jones,john.jones@example.com,Male,+1-387-483-6897,Canada,1966-10-07
650,John,Smith,john.smith@example.com,Male,+1-281-242-6205,Canada,1954-03-04
651,Alex,Smith,alex.smith@example.com,Female,+1-429-332-2309,Australia,1992-09-25
652,Chris,Brown,chris.brown@example.com,Male,+1-434-589-3153,UK,1989-11-09
653,Katie,Williams,katie.williams@example.com,Male,+1-333-286-2086,UK,1994-09-21
654,Chris,Brown,chris.brown@example.com,Male,+1-113-496-7476,USA,1956-08-15
655,Alex,Johnson,alex.johnson@example.com,Female,+1-224-627-4521,USA,1995-05-15
656,Katie,Johnson,katie.johnson@example.com,Male,+1-793-516-3730,USA,1972-07-23
657,Jane,Jones,jane.jones@example.com,Female,+1-274-379-4357,India,1999-03-09
658,Jane,Smith,jane.smith@example.com,Male,+1-453-661-9428,India,1958-06-18
659,Chris,Johnson,chris.johnson@example.com,Female,+1-198-966-2048,Australia,1980-07-05
660,Alex,Smith,alex.smith@example.com,Female,+1-640-698-6558,India,1990-10-19
661,Chris,Smith,chris.smith@example.com,Male,+1-814-774-7295,USA,1953-12-10
662,Chris,Brown,chris.brown@example.com,Female,+1-545-172-2147,USA,1986-03-14
663,John,Brown,john.brown@example.com,Female,+1-984-686-7171,UK,1982-02-03
664,John,Smith,john.smith@example.com,Female,+1-675-818-8907,UK,1978-04-25
665,Alex,Williams,alex.williams@example.com,Female,+1-817-277-5226,Australia,1958-03-15
666,Chris,Johnson,chris.johnson@example.com,Male,+1-895-934-3675,USA,1990-04-07
667,Katie,Johnson,katie.johnson@example.com,Female,+1-866-154-1023,USA,1996-03-23
668,Alex,Brown,alex.brown@example.com,Female,+1-683-165-3483,India,1999-02-05
669,Jane,Smith,jane.smith@example.com,Female,+1-251-343-6388,UK,1964-04-10
670,Jane,Jones,jane.jones@example.com,Male,+1-257-287-9184,India,1961-08-22
671,Jane,Williams,jane.williams@example.com,Female,+1-109-720-7017,Canada,1954-02-01
672,Alex,Brown,alex.brown@example.com,Female,+1-868-424-6786,India,1985-11-16
673,John,Brown,john.brown@example.com,Female,+1-265-190-5057,Canada,1999-10-07
674,Jane,Williams,jane.williams@example.com,Male,+1-958-972-8997,Canada,1979-03-22
675,Katie,Smith,katie.smith@example.com,Male,+1-555-445-9092,India,1966-12-13
676,Katie,Smith,katie.smith@example.com,Female,+1-421-483-4727,USA,1985-04-20
677,Jane,Jones,jane.jones@example.com,Male,+1-741-684-6179,Australia,1975-10-10
678,Jane,Jones,jane.jones@example.com,Male,+1-701-614-5780,USA,1960-01-27
679,John,Brown,john.brown@example.com,Female,+1-113-733-3206,Canada,1979-10-03
680,John,Smith,john.smith@example.com,Female,+1-573-232-1437,UK,1989-05-08
681,Katie,Smith,katie.smith@example.com,Female,+1-780-289-1680,USA,1960-07-12
682,Katie,Jones,katie.jones@example.com,Female,+1-422-214-5263,India,1960-03-27
683,Alex,Smith,alex.smith@example.com,Male,+1-226-612-5561,UK,1997-10-10
684,Alex,Johnson,alex.johnson@example.com,Male,+1-825-587-7420,Australia,1950-03-06
685,Alex,Smith,alex.smith@example.com,Male,+1-667-800-9764,Australia,1952-09-17
686,Jane,Jones,jane.jones@example.com,Female,+1-661-732-8948,India,1976-08-16
687,Jane,Williams,jane.williams@example.com,Male,+1-302-494-6871,India,1989-12-22
688,Chris,Smith,chris.smith@example.com,Male,+1-454-804-1345,UK,1980-03-02
689,Jane,Brown,jane.brown@example.com,Male,+1-579-386-7514,Canada,1970-12-06
690,Chris,Smith,chris.smith@example.com,Male,+1-952-844-6913,Canada,1996-10-25
691,John,Johnson,john.johnson@example.com,Female,+1-134-330-4858,UK,1974-06-19
692,Chris,Jones,chris.jones@example.com,Female,+1-737-340-2535,India,1954-04-19
693,John,Smith,john.smith@example.com,Male,+1-696-937-3369,UK,1992-01-16
694,Katie,Brown,katie.brown@example.com,Female,+1-391-574-5460,USA,1950-11-27
695,Chris,Johnson,chris.johnson@example.com,Male,+1-837-500-4553,Australia,1959-08-26
696,Katie,Smith,katie.smith@example.com,Female,+1-913-334-8508,India,1984-02-28
697,Chris,Williams,chris.williams@example.com,Female,+1-854-295-4442,UK,1989-08-22
698,Jane,Williams,jane.williams@example.com,Male,+1-900-521-7529,USA,1995-07-01
699,John,Smith,john.smith@example.com,Female,+1-751-982-3991,Australia,1952-09-16
700,Chris,Williams,chris.williams@example.com,Female,+1-999-444-9442,UK,1965-02-11
701,Alex,Johnson,alex.johnson@example.com,Female,+1-370-285-3980,India,1961-11-20
702,Alex,Jones,alex.jones@example.com,Male,+1-522-668-1203,Canada,1986-11-23
703,Katie,Brown,katie.brown@example.com,Male,+1-912-813-1334,India,1989-01-22
704,Alex,Smith,alex.smith@example.com,Male,+1-678-956-1656,USA,1951-08-02
705,Jane,Smith,jane.smith@example.com,Male,+1-824-480-6481,UK,1996-12-04
706,Jane,Jones,jane.jones@example.com,Female,+1-827-456-2046,UK,1968-02-01
707,Jane,Williams,jane.williams@example.com,Male,+1-960-639-8889,USA,1989-08-06
708,John,Williams,john.williams@example.com,Female,+1-912-433-7497,Canada,1988-09-14
709,Alex,Brown,alex.brown@example.com,Male,+1-140-943-7850,Australia,1959-07-06
710,Jane,Smith,jane.smith@example.com,Female,+1-450-136-9213,Australia,1970-09-06
711,Alex,Williams,alex.williams@example.com,Male,+1-643-342-8072,Australia,1995-04-09
712,John,Williams,john.williams@example.com,Female,+1-753-291-5208,USA,1974-09-08
713,Chris,Smith,chris.smith@example.com,Female,+1-732-489-7876,Canada,1955-07-17
714,Chris,Jones,chris.jones@example.com,Female,+1-760-241-2985,India,1991-08-25
715,Chris,Johnson,chris.johnson@example.com,Male,+1-281-463-6725,USA,1960-02-03
716,Alex,Williams,alex.williams@example.com,Female,+1-882-390-6464,Canada,1958-10-16
717,Katie,Johnson,katie.johnson@example.com,Male,+1-843-144-4162,Australia,1968-03-27
718,Katie,Brown,katie.brown@example.com,Female,+1-341-349-5777,Canada,1952-06-20
719,Chris,Williams,chris.williams@example.com,Female,+1-855-323-8506,UK,1965-02-26
720,Chris,Smith,chris.smith@example.com,Male,+1-939-369-5754,India,1969-03-10
721,John,Williams,john.williams@example.com,Male,+1-177-853-1420,USA,1988-01-09
722,Chris,Brown,chris.brown@example.com,Female,+1-148-832-9341,Canada,1995-07-10
723,Alex,Johnson,alex.johnson@example.com,Female,+1-930-734-1955,Australia,1957-03-11
724,Jane,Jones,jane.jones@example.com,Male,+1-251-213-2647,India,1982-06-01
725,Alex,Johnson,alex.johnson@example.com,Male,+1-921-575-1948,Canada,1998-01-09
726,Jane,Johnson,jane.johnson@example.com,Male,+1-382-888-2500,UK,1976-03-04
727,Katie,Johnson,katie.johnson@example.com,Male,+1-377-420-6627,Canada,1964-12-22
728,John,Smith,john.smith@example.com,Male,+1-149-987-3391,Australia,1985-07-25
729,John,Jones,john.jones@example.com,Male,+1-579-925-8880,UK,1993-02-07
730,Chris,Smith,chris.smith@example.com,Male,+1-354-164-3496,Canada,1988-11-26
731,John,Smith,john.smith@example.com,Female,+1-341-804-6397,USA,1962-09-18
732,John,Smith,john.smith@example.com,Female,+1-432-659-6153,USA,1952-06-09
733,Katie,Johnson,katie.johnson@example.com,Male,+1-947-699-6785,USA,1952-11-03
734,Jane,Jones,jane.jones@example.com,Female,+1-409-105-1916,Canada,1987-09-17
735,Katie,Brown,katie.brown@example.com,Female,+1-879-707-3891,India,1957-07-23
736,Alex,Brown,alex.brown@example.com,Female,+1-103-722-2747,Canada,1964-10-07
737,Chris,Johnson,chris.johnson@example.com,Male,+1-414-819-1071,Canada,1964-05-15
738,Chris,Smith,chris.smith@example.com,Male,+1-607-264-2478,Australia,1989-02-11
739,Katie,Johnson,katie.johnson@example.com,Male,+1-185-786-5631,UK,1991-02-07
740,Alex,Williams,alex.williams@example.com,Male,+1-914-389-3972,Canada,1956-10-07
741,John,Brown,john.brown@example.com,Male,+1-943-102-8569,UK,1975-01-21
742,John,Brown,john.brown@example.com,Female,+1-801-673-6652,USA,1966-02-22
743,Katie,Williams,katie.williams@example.com,Male,+1-714-893-3463,Australia,1950-12-03
744,Katie,Jones,katie.jones@example.com,Female,+1-811-126-5479,Canada,1957-06-22
745,Katie,Williams,katie.williams@example.com,Female,+1-454-114-2237,Canada,1998-11-28
746,Katie,Johnson,katie.johnson@example.com,Male,+1-602-935-1622,UK,1987-03-23
747,Chris,Johnson,chris.johnson@example.com,Female,+1-599-326-3838,Australia,1957-12-12
748,John,Johnson,john.johnson@example.com,Female,+1-115-743-1423,Canada,1982-10-17
749,Chris,Jones,chris.jones@example.com,Male,+1-246-381-9348,Canada,1956-11-17
750,John,Jones,john.jones@example.com,Female,+1-869-701-8832,Canada,1979-09-22
751,Katie,Williams,katie.williams@example.com,Male,+1-481-218-1737,Australia,1983-05-04
752,Jane,Williams,jane.williams@example.com,Female,+1-631-521-8793,Australia,1964-08-21
753,John,Williams,john.williams@example.com,Female,+1-702-507-5547,Canada,1979-01-28
754,Alex,Johnson,alex.johnson@example.com,Male,+1-665-931-4014,Australia,1970-11-09
755,Katie,Johnson,katie.johnson@example.com,Female,+1-703-219-1541,India,1997-02-25
756,Katie,Jones,katie.jones@example.com,Male,+1-312-242-9944,India,1966-01-15
757,Katie,Jones,katie.jones@example.com,Male,+1-218-546-8205,USA,1984-05-15
758,Jane,Williams,jane.williams@example.com,Male,+1-367-292-7953,India,1995-07-22
759,Chris,Johnson,chris.johnson@example.com,Female,+1-205-496-8181,India,1950-11-22
760,Chris,Jones,chris.jones@example.com,Female,+1-643-764-1745,Canada,1961-05-25
761,Katie,Smith,katie.smith@example.com,Female,+1-499-987-2931,UK,1975-07-16
762,Alex,Johnson,alex.johnson@example.com,Male,+1-926-235-7090,Australia,1969-06-12
763,John,Smith,john.smith@example.com,Female,+1-437-861-3935,Canada,1975-12-21
764,Katie,Williams,katie.williams@example.com,Male,+1-631-536-7940,UK,1951-07-14
765,Katie,Johnson,katie.johnson@example.com,Female,+1-996-616-5565,India,1958-01-26
766,Jane,Johnson,jane.johnson@example.com,Female,+1-535-475-8464,Canada,1972-01-24
767,Katie,Brown,katie.brown@example.com,Female,+1-988-749-8106,UK,1959-08-09
768,John,Williams,john.williams@example.com,Female,+1-237-423-9704,Canada,1950-04-26
769,Chris,Johnson,chris.johnson@example.com,Male,+1-406-733-3126,UK,1952-08-18
770,Chris,Johnson,chris.johnson@example.com,Male,+1-400-790-8404,UK,1956-08-10
771,John,Jones,john.jones@example.com,Female,+1-686-996-6284,UK,1988-02-19
772,Chris,Jones,chris.jones@example.com,Male,+1-496-185-3840,Canada,1952-09-07
773,Chris,Brown,chris.brown@example.com,Female,+1-400-546-1979,USA,1958-08-22
774,John,Williams,john.williams@example.com,Male,+1-834-417-2520,UK,1972-11-24
775,Chris,Smith,chris.smith@example.com,Male,+1-105-978-8415,UK,1990-11-14
776,Alex,Williams,alex.williams@example.com,Male,+1-826-520-1741,UK,1998-04-14
777,Chris,Jones,chris.jones@example.com,Female,+1-472-578-7556,India,1992-11-07
778,Jane,Smith,jane.smith@example.com,Female,+1-995-182-1076,India,1979-06-27
779,Katie,Brown,katie.brown@example.com,Female,+1-902-804-7781,Canada,1963-05-26
780,Chris,Brown,chris.brown@example.com,Male,+1-160-113-2847,Australia,1986-05-04
781,Katie,Smith,katie.smith@example.com,Male,+1-777-561-9752,USA,1986-12-15
782,Jane,Johnson,jane.johnson@example.com,Female,+1-223-312-6018,India,1965-04-04
783,John,Brown,john.brown@example.com,Male,+1-298-535-5051,Canada,1989-06-06
784,John,Brown,john.brown@example.com,Female,+1-666-152-1404,USA,1990-02-13
785,Jane,Williams,jane.williams@example.com,Male,+1-629-420-8495,UK,1959-08-04
786,Katie,Brown,katie.brown@example.com,Male,+1-396-109-4394,India,1990-02-02
787,Chris,Brown,chris.brown@example.com,Female,+1-895-865-6950,UK,1958-02-24
788,John,Jones,john.jones@example.com,Male,+1-422-859-6417,Canada,1998-02-01
789,Katie,Brown,katie.brown@example.com,Male,+1-475-781-2734,India,1991-01-13
790,Chris,Williams,chris.williams@example.com,Female,+1-656-996-5767,USA,1951-10-04
791,Alex,Jones,alex.jones@example.com,Female,+1-416-195-2421,Canada,1961-02-17
792,Alex,Smith,alex.smith@example.com,Female,+1-311-238-8776,Australia,1960-01-11
793,Alex,Smith,alex.smith@example.com,Female,+1-328-970-9923,USA,1968-06-07
794,Chris,Jones,chris.jones@example.com,Female,+1-273-389-6834,Australia,1969-11-13
795,Alex,Jones,alex.jones@example.com,Male,+1-464-660-6913,India,1969-09-27
796,Jane,Smith,jane.smith@example.com,Female,+1-385-713-1140,USA,1995-03-27
797,John,Williams,john.williams@example.com,Female,+1-111-825-2830,Canada,1990-07-17
798,Chris,Jones,chris.jones@example.com,Male,+1-281-138-2034,UK,1983-08-27
799,Katie,Smith,katie.smith@example.com,Female,+1-228-326-8754,Canada,1954-12-08
800,Jane,Johnson,jane.johnson@example.com,Male,+1-125-794-6261,Australia,1981-11-10
801,Chris,Williams,chris.williams@example.com,Female,+1-181-537-2193,UK,1970-11-13
802,Katie,Smith,katie.smith@example.com,Male,+1-421-491-1767,Australia,1985-02-18
803,Alex,Smith,alex.smith@example.com,Male,+1-435-781-4280,UK,1978-11-27
804,Chris,Smith,chris.smith@example.com,Female,+1-915-971-8557,USA,1987-07-28
805,John,Brown,john.brown@example.com,Male,+1-614-624-7687,Canada,1970-07-28
806,Katie,Brown,katie.brown@example.com,Female,+1-775-138-4352,USA,1982-08-14
807,Chris,Williams,chris.williams@example.com,Female,+1-472-389-6030,USA,1955-05-04
808,Chris,Jones,chris.jones@example.com,Female,+1-491-444-2133,Canada,1961-10-08
809,Chris,Williams,chris.williams@example.com,Male,+1-781-827-2892,Australia,1965-01-03
810,John,Johnson,john.johnson@example.com,Male,+1-574-534-4267,Australia,1973-10-11
811,John,Jones,john.jones@example.com,Male,+1-103-856-1343,Canada,1977-07-06
812,Jane,Smith,jane.smith@example.com,Female,+1-680-263-9593,India,1952-06-26
813,Jane,Brown,jane.brown@example.com,Male,+1-776-532-8640,Canada,1989-07-04
814,Alex,Smith,alex.smith@example.com,Female,+1-969-885-1869,Australia,1957-07-24
815,Jane,Williams,jane.williams@example.com,Male,+1-749-224-7070,India,1992-11-14
816,Chris,Johnson,chris.johnson@example.com,Female,+1-570-366-2311,UK,1959-01-24
817,Chris,Brown,chris.brown@example.com,Male,+1-494-657-2561,Australia,1960-05-21
818,John,Brown,john.brown@example.com,Male,+1-996-289-2210,Canada,1958-05-22
819,Katie,Johnson,katie.johnson@example.com,Male,+1-142-615-7060,Canada,1950-12-08
820,John,Brown,john.brown@example.com,Female,+1-992-405-5481,Canada,1995-07-08
821,Jane,Johnson,jane.johnson@example.com,Female,+1-141-753-1750,Australia,1971-10-04
822,Jane,Smith,jane.smith@example.com,Female,+1-404-394-7299,USA,1954-11-12
823,Alex,Smith,alex.smith@example.com,Female,+1-894-220-5862,Canada,1962-02-25
824,Alex,Johnson,alex.johnson@example.com,Female,+1-735-947-8784,UK,1952-05-14
825,Chris,Brown,chris.brown@example.com,Female,+1-334-822-9716,UK,1995-05-20
826,Katie,Brown,katie.brown@example.com,Male,+1-406-499-5255,India,1997-04-11
827,Jane,Jones,jane.jones@example.com,Female,+1-429-165-5237,Australia,1966-01-09
828,Chris,Brown,chris.brown@example.com,Female,+1-146-134-3749,Canada,1980-11-03
829,Chris,Smith,chris.smith@example.com,Male,+1-682-209-3347,India,1992-11-19
830,Chris,Jones,chris.jones@example.com,Female,+1-136-691-9411,USA,1996-09-03
831,Chris,Brown,chris.brown@example.com,Male,+1-495-555-3168,USA,1957-01-05
832,John,Jones,john.jones@example.com,Female,+1-701-515-8062,Australia,1962-10-24
833,Chris,Brown,chris.brown@example.com,Male,+1-720-388-4115,USA,1996-07-17
834,Chris,Jones,chris.jones@example.com,Female,+1-224-196-4243,India,1953-07-10
835,Alex,Brown,alex.brown@example.com,Male,+1-171-197-9848,Canada,1952-03-13
836,Katie,Johnson,katie.johnson@example.com,Male,+1-681-648-8846,Australia,1991-05-15
837,Katie,Brown,katie.brown@example.com,Female,+1-424-531-6931,Australia,1966-07-16
838,Katie,Jones,katie.jones@example.com,Female,+1-833-666-7386,Australia,1977-01-10
839,Chris,Johnson,chris.johnson@example.com,Male,+1-470-218-5068,UK,1951-01-16
840,Alex,Williams,alex.williams@example.com,Female,+1-392-806-9520,India,1955-12-17
841,John,Williams,john.williams@example.com,Male,+1-487-127-7061,Canada,1960-06-05
842,Chris,Johnson,chris.johnson@example.com,Female,+1-444-848-4198,UK,1975-10-07
843,Jane,Williams,jane.williams@example.com,Male,+1-670-661-6046,Canada,1961-01-11
844,John,Jones,john.jones@example.com,Female,+1-355-212-9382,UK,1991-06-04
845,Jane,Brown,jane.brown@example.com,Female,+1-360-711-2307,India,1968-02-09
846,Chris,Brown,chris.brown@example.com,Female,+1-134-388-9164,Canada,1959-07-07
847,Chris,Smith,chris.smith@example.com,Male,+1-168-808-1441,India,1965-10-19
848,Chris,Williams,chris.williams@example.com,Female,+1-102-322-6593,USA,1958-09-07
849,Jane,Brown,jane.brown@example.com,Male,+1-421-367-5856,India,1997-02-11
850,Jane,Brown,jane.brown@example.com,Female,+1-310-268-9179,India,1986-06-10
851,Katie,Brown,katie.brown@example.com,Male,+1-741-281-9096,UK,1972-08-03
852,Jane,Smith,jane.smith@example.com,Male,+1-597-480-6504,Canada,1956-04-02
853,Alex,Smith,alex.smith@example.com,Male,+1-725-215-8839,USA,1961-06-10
854,Jane,Jones,jane.jones@example.com,Female,+1-193-235-6645,Canada,1979-12-17
855,John,Smith,john.smith@example.com,Female,+1-749-956-3714,India,1970-03-17
856,John,Brown,john.brown@example.com,Female,+1-429-964-9733,UK,1993-11-22
857,Katie,Williams,katie.williams@example.com,Male,+1-779-184-7973,India,1994-02-27
858,Jane,Johnson,jane.johnson@example.com,Female,+1-177-401-9536,India,1966-02-09
859,John,Smith,john.smith@example.com,Male,+1-487-273-1914,Australia,1978-08-12
860,Katie,Williams,katie.williams@example.com,Female,+1-468-464-6742,Australia,1993-01-20
861,Katie,Johnson,katie.johnson@example.com,Female,+1-424-666-5160,Canada,1952-10-15
862,Jane,Brown,jane.brown@example.com,Male,+1-439-329-4716,Australia,1976-01-09
863,John,Johnson,john.johnson@example.com,Female,+1-915-264-8150,UK,1968-01-22
864,Jane,Williams,jane.williams@example.com,Female,+1-917-266-6767,USA,1966-05-01
865,Katie,Jones,katie.jones@example.com,Male,+1-670-394-9711,UK,1966-12-14
866,Alex,Johnson,alex.johnson@example.com,Female,+1-115-254-5190,Canada,1971-10-20
867,Jane,Smith,jane.smith@example.com,Male,+1-836-309-2223,India,1991-02-06
868,Katie,Johnson,katie.johnson@example.com,Male,+1-801-158-2347,UK,1990-12-27
869,Chris,Brown,chris.brown@example.com,Male,+1-512-177-1794,UK,1975-06-25
870,Chris,Smith,chris.smith@example.com,Female,+1-227-319-9628,USA,1993-12-24
871,Alex,Brown,alex.brown@example.com,Male,+1-923-440-2066,USA,1989-06-08
872,Alex,Jones,alex.jones@example.com,Male,+1-660-463-3032,UK,1988-12-14
873,Chris,Brown,chris.brown@example.com,Male,+1-375-155-5496,India,1953-07-07
874,Jane,Johnson,jane.johnson@example.com,Female,+1-190-574-1235,Canada,1966-11-11
875,Jane,Williams,jane.williams@example.com,Male,+1-851-994-6875,India,1997-08-25
876,Alex,Jones,alex.jones@example.com,Female,+1-892-265-3072,UK,1999-02-19
877,Chris,Smith,chris.smith@example.com,Female,+1-822-486-3024,Australia,1985-06-20
878,John,Brown,john.brown@example.com,Female,+1-759-208-1036,USA,1988-11-16
879,Jane,Williams,jane.williams@example.com,Male,+1-281-482-8601,Australia,1966-09-17
880,Katie,Brown,katie.brown@example.com,Female,+1-833-134-2432,USA,1974-11-12
881,Alex,Brown,alex.brown@example.com,Male,+1-397-402-4879,UK,1996-11-19
882,Jane,Smith,jane.smith@example.com,Male,+1-966-879-8092,India,1999-03-06
883,Alex,Brown,alex.brown@example.com,Female,+1-478-309-7118,India,1987-06-10
884,Katie,Johnson,katie.johnson@example.com,Male,+1-816-691-8689,India,1982-11-06
885,Jane,Johnson,jane.johnson@example.com,Male,+1-963-931-2898,Australia,1977-09-25
886,John,Jones,john.jones@example.com,Female,+1-419-766-5425,UK,1978-06-18
887,Jane,Smith,jane.smith@example.com,Female,+1-853-615-5998,Canada,1976-09-02
888,Chris,Jones,chris.jones@example.com,Female,+1-643-641-6223,Australia,1990-06-15
889,Jane,Williams,jane.williams@example.com,Female,+1-526-950-4433,Australia,1967-03-22
890,Chris,Brown,chris.brown@example.com,Female,+1-420-341-6019,Australia,1958-10-17
891,Katie,Williams,katie.williams@example.com,Male,+1-383-672-8034,UK,1962-04-24
892,Chris,Jones,chris.jones@example.com,Male,+1-307-498-9510,Canada,1982-07-25
893,Jane,Johnson,jane.johnson@example.com,Female,+1-892-641-6525,India,1962-10-01
894,Chris,Johnson,chris.johnson@example.com,Female,+1-406-247-9591,India,1999-09-14
895,Chris,Williams,chris.williams@example.com,Female,+1-902-527-9088,India,1993-02-19
896,Alex,Jones,alex.jones@example.com,Female,+1-485-278-2419,Canada,1981-06-16
897,Jane,Jones,jane.jones@example.com,Male,+1-517-801-5695,USA,1991-07-28
898,Katie,Brown,katie.brown@example.com,Male,+1-347-509-3236,Australia,1968-03-24
899,Jane,Brown,jane.brown@example.com,Female,+1-700-750-3748,UK,1975-04-14
900,Jane,Williams,jane.williams@example.com,Female,+1-304-896-1465,Canada,1951-04-17
901,Alex,Smith,alex.smith@example.com,Male,+1-777-342-4709,Canada,1957-09-10
902,Chris,Brown,chris.brown@example.com,Male,+1-850-887-4745,Australia,1954-11-13
903,Alex,Smith,alex.smith@example.com,Female,+1-187-467-2299,India,1971-08-11
904,Jane,Brown,jane.brown@example.com,Male,+1-967-645-4082,India,1986-03-22
905,John,Jones,john.jones@example.com,Female,+1-122-719-3133,India,1993-12-15
906,Alex,Brown,alex.brown@example.com,Female,+1-303-702-7307,USA,1966-08-16
907,Alex,Johnson,alex.johnson@example.com,Male,+1-383-586-5755,Canada,1977-11-03
908,John,Smith,john.smith@example.com,Female,+1-681-262-4699,USA,1997-07-09
909,Chris,Williams,chris.williams@example.com,Female,+1-838-635-8843,USA,1996-09-06
910,Katie,Jones,katie.jones@example.com,Male,+1-261-348-2664,Australia,1994-02-06
911,Chris,Smith,chris.smith@example.com,Male,+1-886-176-4081,Australia,1973-09-16
912,Katie,Jones,katie.jones@example.com,Male,+1-710-889-4854,Canada,1986-05-03
913,John,Jones,john.jones@example.com,Female,+1-413-885-6918,India,1986-07-21
914,Jane,Brown,jane.brown@example.com,Male,+1-615-380-2852,India,1952-11-04
915,Jane,Johnson,jane.johnson@example.com,Male,+1-657-907-5395,Canada,1976-12-01
916,John,Brown,john.brown@example.com,Male,+1-669-675-3678,USA,1961-08-04
917,John,Brown,john.brown@example.com,Female,+1-329-344-2632,India,1983-08-01
918,John,Smith,john.smith@example.com,Male,+1-432-545-6721,India,1975-03-10
919,Alex,Smith,alex.smith@example.com,Male,+1-952-349-4369,UK,1965-01-04
920,Jane,Jones,jane.jones@example.com,Female,+1-183-832-2198,USA,1971-02-16
921,Chris,Smith,chris.smith@example.com,Male,+1-305-518-3577,India,1995-06-14
922,Jane,Williams,jane.williams@example.com,Female,+1-530-529-4555,India,1992-05-04
923,Jane,Smith,jane.smith@example.com,Female,+1-682-211-2844,India,1960-08-14
924,Jane,Smith,jane.smith@example.com,Male,+1-224-219-1275,India,1985-03-12
925,Katie,Smith,katie.smith@example.com,Female,+1-361-808-5640,UK,1969-01-23
926,Jane,Jones,jane.jones@example.com,Female,+1-280-872-2286,USA,1987-04-03
927,Jane,Williams,jane.williams@example.com,Male,+1-721-654-1311,USA,1990-06-20
928,Chris,Williams,chris.williams@example.com,Male,+1-676-840-5104,Canada,1951-08-11
929,Katie,Brown,katie.brown@example.com,Female,+1-182-394-6146,India,1974-10-13
930,John,Smith,john.smith@example.com,Male,+1-584-564-8941,Canada,1974-11-27
931,John,Brown,john.brown@example.com,Female,+1-608-456-3141,Australia,1995-03-05
932,Chris,Jones,chris.jones@example.com,Male,+1-940-483-9589,USA,1962-11-28
933,Alex,Johnson,alex.johnson@example.com,Female,+1-536-652-1571,UK,1989-05-18
934,Jane,Williams,jane.williams@example.com,Female,+1-956-320-5382,Canada,1965-12-24
935,Chris,Smith,chris.smith@example.com,Female,+1-871-497-1513,Canada,1963-07-02
936,John,Johnson,john.johnson@example.com,Male,+1-866-713-6190,Canada,1990-10-27
937,Jane,Williams,jane.williams@example.com,Male,+1-935-874-4365,Canada,1989-05-06
938,Katie,Brown,katie.brown@example.com,Female,+1-454-275-6543,UK,1962-03-19
939,Chris,Johnson,chris.johnson@example.com,Female,+1-521-764-8587,Australia,1964-02-11
940,John,Williams,john.williams@example.com,Female,+1-146-231-3629,Canada,1996-05-06
941,John,Williams,john.williams@example.com,Male,+1-723-866-5661,Canada,1972-02-10
942,Chris,Jones,chris.jones@example.com,Male,+1-626-130-7144,Canada,1968-09-07
943,John,Johnson,john.johnson@example.com,Male,+1-645-399-8264,Canada,1956-07-27
944,Chris,Jones,chris.jones@example.com,Female,+1-365-857-9894,Canada,1962-04-05
945,Jane,Williams,jane.williams@example.com,Male,+1-625-671-2246,USA,1999-07-15
946,Chris,Jones,chris.jones@example.com,Female,+1-180-353-3304,India,1999-01-23
947,Chris,Smith,chris.smith@example.com,Male,+1-213-717-4029,Australia,1965-03-09
948,Jane,Brown,jane.brown@example.com,Male,+1-273-106-4226,Canada,1980-10-20
949,John,Jones,john.jones@example.com,Male,+1-410-341-8773,Canada,1957-01-28
950,Alex,Williams,alex.williams@example.com,Male,+1-504-931-4620,Australia,1973-12-21
951,Chris,Brown,chris.brown@example.com,Male,+1-352-647-5715,Canada,1995-06-10
952,John,Smith,john.smith@example.com,Male,+1-394-952-7365,Canada,1996-03-16
953,Alex,Smith,alex.smith@example.com,Female,+1-290-885-8809,UK,1987-01-27
954,John,Brown,john.brown@example.com,Male,+1-844-967-1169,Australia,1981-11-28
955,Chris,Williams,chris.williams@example.com,Male,+1-861-553-5920,Australia,1988-12-05
956,Alex,Jones,alex.jones@example.com,Male,+1-536-690-2498,India,1972-11-06
957,Jane,Johnson,jane.johnson@example.com,Female,+1-490-973-4849,Australia,1976-09-18
958,John,Smith,john.smith@example.com,Female,+1-590-424-1228,USA,1976-05-03
959,Chris,Williams,chris.williams@example.com,Female,+1-750-615-8009,Australia,1996-02-19
960,Alex,Jones,alex.jones@example.com,Male,+1-251-379-7254,Australia,1990-11-05
961,Katie,Johnson,katie.johnson@example.com,Female,+1-433-426-5845,USA,1981-01-27
962,Katie,Jones,katie.jones@example.com,Male,+1-194-218-6173,UK,1971-05-22
963,Jane,Jones,jane.jones@example.com,Male,+1-148-594-2517,USA,1961-05-18
964,Chris,Williams,chris.williams@example.com,Female,+1-960-759-6132,India,1999-10-15
965,Jane,Johnson,jane.johnson@example.com,Female,+1-592-964-4443,UK,1997-01-25
966,Jane,Smith,jane.smith@example.com,Female,+1-651-119-2672,UK,1952-12-01
967,Alex,Johnson,alex.johnson@example.com,Female,+1-444-151-8478,Australia,1965-05-07
968,Jane,Williams,jane.williams@example.com,Female,+1-296-301-8872,Australia,1976-07-14
969,Chris,Jones,chris.jones@example.com,Female,+1-934-630-3656,USA,1985-04-08
970,Chris,Williams,chris.williams@example.com,Female,+1-661-325-4925,UK,1990-03-02
971,Chris,Jones,chris.jones@example.com,Male,+1-782-520-3149,Australia,1966-05-22
972,Alex,Jones,alex.jones@example.com,Male,+1-257-184-2703,UK,1982-10-17
973,Katie,Williams,katie.williams@example.com,Male,+1-314-583-9070,Canada,1995-09-05
974,John,Jones,john.jones@example.com,Female,+1-896-704-1243,Australia,1986-08-23
975,John,Johnson,john.johnson@example.com,Male,+1-840-280-5130,Australia,1971-07-09
976,John,Williams,john.williams@example.com,Female,+1-997-782-9808,USA,1950-03-28
977,Chris,Johnson,chris.johnson@example.com,Male,+1-458-666-7233,UK,1986-02-14
978,Chris,Williams,chris.williams@example.com,Female,+1-565-329-8627,USA,1996-02-16
979,Alex,Johnson,alex.johnson@example.com,Male,+1-515-991-6010,Canada,1957-02-05
980,Jane,Smith,jane.smith@example.com,Male,+1-606-904-4405,Canada,1961-05-26
981,Alex,Johnson,alex.johnson@example.com,Male,+1-528-306-9301,USA,1981-05-28
982,John,Jones,john.jones@example.com,Male,+1-482-754-5068,India,1973-02-01
983,John,Johnson,john.johnson@example.com,Male,+1-537-567-1167,USA,1998-12-21
984,Alex,Brown,alex.brown@example.com,Female,+1-269-688-4951,Canada,1998-03-02
985,Alex,Williams,alex.williams@example.com,Female,+1-277-986-1193,Australia,1970-10-11
986,Alex,Williams,alex.williams@example.com,Male,+1-508-276-6009,Australia,1965-01-04
987,John,Jones,john.jones@example.com,Female,+1-268-240-6170,Australia,1964-03-26
988,Jane,Jones,jane.jones@example.com,Female,+1-525-645-3041,India,1997-06-01
989,Chris,Williams,chris.williams@example.com,Male,+1-613-521-3012,India,1998-12-17
990,John,Jones,john.jones@example.com,Female,+1-677-736-5480,UK,1998-04-12
991,Alex,Brown,alex.brown@example.com,Male,+1-954-378-8456,UK,1954-11-12
992,Katie,Williams,katie.williams@example.com,Male,+1-664-282-5144,UK,1978-04-05
993,John,Brown,john.brown@example.com,Female,+1-348-310-1595,Australia,1978-11-11
994,John,Jones,john.jones@example.com,Male,+1-621-554-7740,USA,1987-09-15
995,Chris,Johnson,chris.johnson@example.com,Male,+1-177-436-5450,Australia,1954-10-28
996,Chris,Williams,chris.williams@example.com,Female,+1-971-813-7247,USA,1961-05-28
997,Katie,Smith,katie.smith@example.com,Male,+1-732-636-4603,UK,1992-03-13
998,Katie,Johnson,katie.johnson@example.com,Male,+1-968-950-1855,Australia,1972-12-24
999,Jane,Johnson,jane.johnson@example.com,Male,+1-105-903-2966,USA,1982-05-10
1000,Alex,Johnson,alex.johnson@example.com,Female,+1-432-799-8798,India,1992-12-05
